family,condition,comparison,target,baseline,metric,n_pairs,paired_mean,paired_sd,bootstrap_replicates,bootstrap_ci_low,bootstrap_ci_high,wins,ties,losses,difference_direction,better_direction,sign_flip_p_exploratory,inference_label
E1,island_on,PR-CMP,ER-HLNS-parallel-rescue,C-ALNS-MP,overall,10,0.06,0.1429840705968481,10000,-0.02999999999999997,0.14,6,2,2,target_minus_baseline,higher,0.25,exploratory_only; not confirmatory
E1,island_on,CMP-C,C-ALNS-MP,C-ALNS,overall,10,0.0399999999999999,0.1048808848170151,10000,-0.019999999999999997,0.10499999999999995,3,5,2,target_minus_baseline,higher,0.3125,exploratory_only; not confirmatory
E1,island_on,PR-bare,ER-HLNS-parallel-rescue,ER-HLNS,overall,10,0.0349999999999999,0.0411636301174282,10000,0.010000000000000009,0.055000000000000014,7,2,1,target_minus_baseline,higher,0.0625,exploratory_only; not confirmatory
E1,island_on,PR-CMP,ER-HLNS-parallel-rescue,C-ALNS-MP,routine,10,-0.125,0.1317615691736824,10000,-0.2,-0.05,0,4,6,target_minus_baseline,higher,0.03125,exploratory_only; not confirmatory
E1,island_on,CMP-C,C-ALNS-MP,C-ALNS,routine,10,0.025,0.0527046276694729,10000,0.0,0.0625,2,8,0,target_minus_baseline,higher,0.5,exploratory_only; not confirmatory
E1,island_on,PR-bare,ER-HLNS-parallel-rescue,ER-HLNS,routine,10,0.0,0.0833333333333333,10000,-0.05,0.05,2,6,2,target_minus_baseline,higher,1.0,exploratory_only; not confirmatory
E1,island_on,PR-CMP,ER-HLNS-parallel-rescue,C-ALNS-MP,time_critical,10,0.1833333333333333,0.2071261320256361,10000,0.05833333333333333,0.3083333333333333,7,2,1,target_minus_baseline,higher,0.03125,exploratory_only; not confirmatory
E1,island_on,CMP-C,C-ALNS-MP,C-ALNS,time_critical,10,0.05,0.1531560972454469,10000,-0.03333333333333334,0.14166666666666666,3,5,2,target_minus_baseline,higher,0.4375,exploratory_only; not confirmatory
E1,island_on,PR-bare,ER-HLNS-parallel-rescue,ER-HLNS,time_critical,10,0.0583333333333333,0.0686060501957137,10000,0.024999999999999977,0.09999999999999998,5,5,0,target_minus_baseline,higher,0.0625,exploratory_only; not confirmatory
E1,island_on,PR-CMP,ER-HLNS-parallel-rescue,C-ALNS-MP,PWCT,10,-2826.041704738617,4191.741203978945,10000,-5235.121018657342,-342.6545698511792,8,0,2,target_minus_baseline,lower,0.068359375,exploratory_only; not confirmatory
E1,island_on,CMP-C,C-ALNS-MP,C-ALNS,PWCT,10,-1110.512997122133,2979.7832896950667,10000,-2915.638256655537,520.1750537942831,6,1,3,target_minus_baseline,lower,0.2578125,exploratory_only; not confirmatory
E1,island_on,PR-bare,ER-HLNS-parallel-rescue,ER-HLNS,PWCT,10,-1219.1900474584843,1113.081107850988,10000,-1907.9655403777242,-606.296582291948,9,0,1,target_minus_baseline,lower,0.005859375,exploratory_only; not confirmatory
E1,island_on,PR-CMP,ER-HLNS-parallel-rescue,C-ALNS-MP,runtime,10,32.66887757000002,18.63775306757013,10000,21.53404711000002,43.521198190000014,1,0,9,target_minus_baseline,lower,0.00390625,exploratory_only; not confirmatory
E1,island_on,CMP-C,C-ALNS-MP,C-ALNS,runtime,10,4.289042139999966,9.65083660970368,10000,-0.8412127600000006,10.418370269999965,3,0,7,target_minus_baseline,lower,0.197265625,exploratory_only; not confirmatory
E1,island_on,PR-bare,ER-HLNS-parallel-rescue,ER-HLNS,runtime,10,4.389237799999999,18.836929824294657,10000,-5.831370440000006,16.567304539999988,5,0,5,target_minus_baseline,lower,0.5390625,exploratory_only; not confirmatory
E1,island_off,PR-CMP,ER-HLNS-parallel-rescue,C-ALNS-MP,overall,10,0.0349999999999999,0.1716747570909078,10000,-0.060000000000000005,0.14499999999999996,4,4,2,target_minus_baseline,higher,0.625,exploratory_only; not confirmatory
E1,island_off,CMP-C,C-ALNS-MP,C-ALNS,overall,10,0.005,0.0797565740933693,10000,-0.034999999999999996,0.05500000000000001,2,5,3,target_minus_baseline,higher,1.0,exploratory_only; not confirmatory
E1,island_off,PR-bare,ER-HLNS-parallel-rescue,ER-HLNS,overall,10,0.0049999999999999,0.0797565740933692,10000,-0.04499999999999996,0.04999999999999999,4,3,3,target_minus_baseline,higher,1.0,exploratory_only; not confirmatory
E1,island_off,PR-CMP,ER-HLNS-parallel-rescue,C-ALNS-MP,routine,10,-0.175,0.2297341458681703,10000,-0.325,-0.05,0,5,5,target_minus_baseline,higher,0.0625,exploratory_only; not confirmatory
E1,island_off,CMP-C,C-ALNS-MP,C-ALNS,routine,10,-0.0125,0.0922330984215777,10000,-0.075,0.0375,1,8,1,target_minus_baseline,higher,1.0,exploratory_only; not confirmatory
E1,island_off,PR-bare,ER-HLNS-parallel-rescue,ER-HLNS,routine,10,-0.025,0.1536590742882148,10000,-0.1125,0.0625,2,5,3,target_minus_baseline,higher,0.8125,exploratory_only; not confirmatory
E1,island_off,PR-CMP,ER-HLNS-parallel-rescue,C-ALNS-MP,time_critical,10,0.175,0.2619077681405148,10000,0.025000000000000043,0.33333333333333337,6,2,2,target_minus_baseline,higher,0.078125,exploratory_only; not confirmatory
E1,island_off,CMP-C,C-ALNS-MP,C-ALNS,time_critical,10,0.0166666666666666,0.0946077020329244,10000,-0.03333333333333331,0.07500000000000001,2,6,2,target_minus_baseline,higher,0.875,exploratory_only; not confirmatory
E1,island_off,PR-bare,ER-HLNS-parallel-rescue,ER-HLNS,time_critical,10,0.025,0.0790569415042094,10000,-0.016666666666666642,0.07500000000000004,4,4,2,target_minus_baseline,higher,0.53125,exploratory_only; not confirmatory
E1,island_off,PR-CMP,ER-HLNS-parallel-rescue,C-ALNS-MP,PWCT,10,-2452.1710335653324,5200.784728548837,10000,-5629.425044784816,419.4089651619611,7,0,3,target_minus_baseline,lower,0.171875,exploratory_only; not confirmatory
E1,island_off,CMP-C,C-ALNS-MP,C-ALNS,PWCT,10,-261.16915471204294,2342.93088522765,10000,-1824.0219145778337,916.0686713518678,4,1,5,target_minus_baseline,lower,0.80078125,exploratory_only; not confirmatory
E1,island_off,PR-bare,ER-HLNS-parallel-rescue,ER-HLNS,PWCT,10,-390.79988025632986,2021.9007753197543,10000,-1583.9302072292219,792.3807636821456,6,0,4,target_minus_baseline,lower,0.560546875,exploratory_only; not confirmatory
E1,island_off,PR-CMP,ER-HLNS-parallel-rescue,C-ALNS-MP,runtime,10,-67.83139412999996,49.44281564837277,10000,-95.42724873999997,-37.236124399999994,9,0,1,target_minus_baseline,lower,0.0078125,exploratory_only; not confirmatory
E1,island_off,CMP-C,C-ALNS-MP,C-ALNS,runtime,10,-14.923087540000074,46.14795045705932,10000,-45.848994240000096,5.1524127600000185,5,0,5,target_minus_baseline,lower,0.3984375,exploratory_only; not confirmatory
E1,island_off,PR-bare,ER-HLNS-parallel-rescue,ER-HLNS,runtime,10,-5.898647580000002,20.386318994787928,10000,-17.993949310000016,6.183914570000008,7,0,3,target_minus_baseline,lower,0.439453125,exploratory_only; not confirmatory
