family,condition,scenario,method,seed,overall_completion_rate,routine_bulk_completion_rate,time_critical_lightweight_completion_rate,pwct_seconds,runtime_seconds,terminal_battery_rescue,runtime_crash_count,uav_drop_count,crash_count,physical_v2_uav_drop_count,physical_v2_forced_landing_count,physical_v2_uav_drop_runtime_count,UAV_DROP,FORCED_LANDING,MISSION_ABORT,ENERGY_EXHAUSTION,RECOVERY_FAILURE,uav_airborne_safety_abort_count,hard_constraint_violation_count,hard_failure_component_sum_not_unique,hard_failure_any
E1,island_off,LB,C-ALNS,100,0.8,0.625,0.9166666666666666,6871.267866712369,209.8831742,1.0,0.0,0.0,0.0,0.0,0.0,0.0,0.0,0.0,0.0,0.0,0.0,0.0,0.0,0.0,0
E1,island_off,LB,C-ALNS,101,0.45,0.875,0.1666666666666666,19987.346346881423,159.71183629999996,0.0,0.0,0.0,0.0,0.0,0.0,0.0,0.0,0.0,0.0,0.0,0.0,0.0,0.0,0.0,0
E1,island_off,LB,C-ALNS,102,0.75,0.875,0.6666666666666666,10420.555650637209,239.5118849999999,3.0,0.0,0.0,0.0,0.0,0.0,0.0,0.0,0.0,0.0,0.0,0.0,0.0,0.0,0.0,0
E1,island_off,LB,C-ALNS,103,0.75,0.875,0.6666666666666666,9716.164766943652,243.0087681,2.0,0.0,0.0,0.0,0.0,0.0,0.0,0.0,0.0,0.0,0.0,0.0,0.0,0.0,0.0,0
E1,island_off,LB,C-ALNS,104,0.5,0.25,0.6666666666666666,14707.30922084025,234.3004317,4.0,0.0,0.0,0.0,0.0,0.0,0.0,0.0,0.0,0.0,0.0,0.0,0.0,0.0,0.0,0
E1,island_off,LB,C-ALNS,105,0.75,0.625,0.8333333333333334,8050.4113081090845,238.4875132000002,4.0,0.0,0.0,0.0,0.0,0.0,0.0,0.0,0.0,0.0,0.0,0.0,0.0,0.0,0.0,0
E1,island_off,LB,C-ALNS,106,0.55,0.875,0.3333333333333333,16901.46076778292,223.1404506000001,1.0,0.0,0.0,0.0,0.0,0.0,0.0,0.0,0.0,0.0,0.0,0.0,0.0,0.0,0.0,0
E1,island_off,LB,C-ALNS,107,1.0,1.0,1.0,2142.263868114557,226.3960066000002,1.0,0.0,0.0,0.0,0.0,0.0,0.0,0.0,0.0,0.0,0.0,0.0,0.0,0.0,0.0,0
E1,island_off,LB,C-ALNS,108,0.85,1.0,0.75,7993.647819758897,216.97880170000008,1.0,0.0,0.0,0.0,0.0,0.0,0.0,0.0,0.0,0.0,0.0,0.0,0.0,0.0,0.0,0
E1,island_off,LB,C-ALNS,109,0.65,0.75,0.5833333333333334,12611.935390910705,222.67303330000004,1.0,0.0,0.0,0.0,0.0,0.0,0.0,0.0,0.0,0.0,0.0,0.0,0.0,0.0,0.0,0
E1,island_off,LB,C-ALNS-MP,100,0.75,0.625,0.8333333333333334,8318.92270000961,214.0316441,2.0,0.0,0.0,0.0,0.0,0.0,0.0,0.0,0.0,0.0,0.0,0.0,0.0,0.0,0.0,0
E1,island_off,LB,C-ALNS-MP,101,0.45,0.875,0.1666666666666666,19987.346346881423,160.1749503000001,0.0,0.0,0.0,0.0,0.0,0.0,0.0,0.0,0.0,0.0,0.0,0.0,0.0,0.0,0.0,0
E1,island_off,LB,C-ALNS-MP,102,0.75,0.875,0.6666666666666666,10501.870590277147,245.56085649999977,3.0,0.0,0.0,0.0,0.0,0.0,0.0,0.0,0.0,0.0,0.0,0.0,0.0,0.0,0.0,0
E1,island_off,LB,C-ALNS-MP,103,0.75,0.875,0.6666666666666666,9713.1986084788,237.9086552999997,2.0,0.0,0.0,0.0,0.0,0.0,0.0,0.0,0.0,0.0,0.0,0.0,0.0,0.0,0.0,0
E1,island_off,LB,C-ALNS-MP,104,0.55,0.25,0.75,12761.895712164547,230.7481929999999,3.0,0.0,0.0,0.0,0.0,0.0,0.0,0.0,0.0,0.0,0.0,0.0,0.0,0.0,0.0,0
E1,island_off,LB,C-ALNS-MP,105,0.75,0.625,0.8333333333333334,8345.290395690598,235.1559655000001,3.0,0.0,0.0,0.0,0.0,0.0,0.0,0.0,0.0,0.0,0.0,0.0,0.0,0.0,0.0,0
E1,island_off,LB,C-ALNS-MP,106,0.55,0.875,0.3333333333333333,16736.385301978313,245.27755210000032,3.0,0.0,0.0,0.0,0.0,0.0,0.0,0.0,0.0,0.0,0.0,0.0,0.0,0.0,0.0,0
E1,island_off,LB,C-ALNS-MP,107,0.9,0.75,1.0,4204.60662336426,229.16362519999984,1.0,0.0,0.0,0.0,0.0,0.0,0.0,0.0,0.0,0.0,0.0,0.0,0.0,0.0,0.0,0
E1,island_off,LB,C-ALNS-MP,108,0.8,1.0,0.6666666666666666,9688.591797201883,76.44230470000002,0.0,0.0,0.0,0.0,0.0,0.0,0.0,0.0,0.0,0.0,0.0,0.0,0.0,0.0,0.0,0
E1,island_off,LB,C-ALNS-MP,109,0.85,0.875,0.8333333333333334,6532.563383524049,190.3972786,1.0,0.0,0.0,0.0,0.0,0.0,0.0,0.0,0.0,0.0,0.0,0.0,0.0,0.0,0.0,0
E1,island_on,LB,C-ALNS,100,0.8,0.75,0.8333333333333334,7858.468563736537,113.1511192,2.0,0.0,0.0,0.0,0.0,0.0,0.0,0.0,0.0,0.0,0.0,0.0,0.0,0.0,0.0,0
E1,island_on,LB,C-ALNS,101,0.45,0.875,0.1666666666666666,20041.534687178744,74.2431505,0.0,0.0,0.0,0.0,0.0,0.0,0.0,0.0,0.0,0.0,0.0,0.0,0.0,0.0,0.0,0
E1,island_on,LB,C-ALNS,102,0.45,0.375,0.5,16956.084231613284,89.53807640000001,0.0,0.0,0.0,0.0,0.0,0.0,0.0,0.0,0.0,0.0,0.0,0.0,0.0,0.0,0.0,0
E1,island_on,LB,C-ALNS,103,0.75,1.0,0.5833333333333334,11096.290336202675,98.6010106,1.0,0.0,0.0,0.0,0.0,0.0,0.0,0.0,0.0,0.0,0.0,0.0,0.0,0.0,0.0,0
E1,island_on,LB,C-ALNS,104,0.55,0.75,0.4166666666666667,15672.722106306272,104.5997293,4.0,0.0,0.0,0.0,0.0,0.0,0.0,0.0,0.0,0.0,0.0,0.0,0.0,0.0,0.0,0
E1,island_on,LB,C-ALNS,105,0.7,0.75,0.6666666666666666,11160.111590955346,107.0289666,2.0,0.0,0.0,0.0,0.0,0.0,0.0,0.0,0.0,0.0,0.0,0.0,0.0,0.0,0.0,0
E1,island_on,LB,C-ALNS,106,0.65,0.75,0.5833333333333334,12730.707144380727,80.37564360000002,0.0,0.0,0.0,0.0,0.0,0.0,0.0,0.0,0.0,0.0,0.0,0.0,0.0,0.0,0.0,0
E1,island_on,LB,C-ALNS,107,0.75,0.75,0.75,7925.092714302859,93.9445411,1.0,0.0,0.0,0.0,0.0,0.0,0.0,0.0,0.0,0.0,0.0,0.0,0.0,0.0,0.0,0
E1,island_on,LB,C-ALNS,108,0.75,1.0,0.5833333333333334,10970.345171373152,116.86674940000005,1.0,0.0,0.0,0.0,0.0,0.0,0.0,0.0,0.0,0.0,0.0,0.0,0.0,0.0,0.0,0
E1,island_on,LB,C-ALNS,109,0.75,0.875,0.6666666666666666,9440.013928190074,109.1337335,1.0,0.0,0.0,0.0,0.0,0.0,0.0,0.0,0.0,0.0,0.0,0.0,0.0,0.0,0.0,0
E1,island_on,LB,C-ALNS-MP,100,0.75,0.75,0.75,9645.3555725978,104.43051830000002,2.0,0.0,0.0,0.0,0.0,0.0,0.0,0.0,0.0,0.0,0.0,0.0,0.0,0.0,0.0,0
E1,island_on,LB,C-ALNS-MP,101,0.45,0.875,0.1666666666666666,20041.534687178744,77.55205180000002,0.0,0.0,0.0,0.0,0.0,0.0,0.0,0.0,0.0,0.0,0.0,0.0,0.0,0.0,0.0,0
E1,island_on,LB,C-ALNS-MP,102,0.45,0.375,0.5,16942.442354123923,94.0556959,0.0,0.0,0.0,0.0,0.0,0.0,0.0,0.0,0.0,0.0,0.0,0.0,0.0,0.0,0.0,0
E1,island_on,LB,C-ALNS-MP,103,0.75,1.0,0.5833333333333334,11098.48592103276,100.2939518,1.0,0.0,0.0,0.0,0.0,0.0,0.0,0.0,0.0,0.0,0.0,0.0,0.0,0.0,0.0,0
E1,island_on,LB,C-ALNS-MP,104,0.7,0.875,0.5833333333333334,11632.273015883226,114.21513199999998,3.0,0.0,0.0,0.0,0.0,0.0,0.0,0.0,0.0,0.0,0.0,0.0,0.0,0.0,0.0,0
E1,island_on,LB,C-ALNS-MP,105,0.7,0.75,0.6666666666666666,11155.049170693816,109.40738359999996,1.0,0.0,0.0,0.0,0.0,0.0,0.0,0.0,0.0,0.0,0.0,0.0,0.0,0.0,0.0,0
E1,island_on,LB,C-ALNS-MP,106,0.65,0.75,0.5833333333333334,12501.087752999416,106.38233009999992,1.0,0.0,0.0,0.0,0.0,0.0,0.0,0.0,0.0,0.0,0.0,0.0,0.0,0.0,0.0,0
E1,island_on,LB,C-ALNS-MP,107,0.95,0.875,1.0,2980.754085434531,104.6853079,1.0,0.0,0.0,0.0,0.0,0.0,0.0,0.0,0.0,0.0,0.0,0.0,0.0,0.0,0.0,0
E1,island_on,LB,C-ALNS-MP,108,0.65,1.0,0.4166666666666667,13696.378636279458,113.54474799999991,1.0,0.0,0.0,0.0,0.0,0.0,0.0,0.0,0.0,0.0,0.0,0.0,0.0,0.0,0.0,0
E1,island_on,LB,C-ALNS-MP,109,0.95,0.875,1.0,3052.879306794672,105.80602219999992,3.0,0.0,0.0,0.0,0.0,0.0,0.0,0.0,0.0,0.0,0.0,0.0,0.0,0.0,0.0,0
E2,energy_0.8,LB,C-ALNS-MP,100,0.65,0.75,0.5833333333333334,12517.016452895408,212.0171746999995,2.0,0.0,0.0,0.0,0.0,0.0,0.0,0.0,0.0,0.0,0.0,0.0,0.0,0.0,0.0,0
E2,energy_0.8,LB,C-ALNS-MP,101,0.45,0.875,0.1666666666666666,20041.534687178744,160.35076230000004,0.0,0.0,0.0,0.0,0.0,0.0,0.0,0.0,0.0,0.0,0.0,0.0,0.0,0.0,0.0,0
E2,energy_0.8,LB,C-ALNS-MP,102,0.45,0.375,0.5,16942.442354123923,219.4289908000001,1.0,0.0,0.0,0.0,0.0,0.0,0.0,0.0,0.0,0.0,0.0,0.0,0.0,0.0,0.0,0
E2,energy_0.8,LB,C-ALNS-MP,103,0.75,1.0,0.5833333333333334,10932.046424791875,215.94182779999937,2.0,0.0,0.0,0.0,0.0,0.0,0.0,0.0,0.0,0.0,0.0,0.0,0.0,0.0,0.0,0
E2,energy_0.8,LB,C-ALNS-MP,104,0.55,0.75,0.4166666666666667,15417.71427778837,205.34209869999995,3.0,0.0,0.0,0.0,0.0,0.0,0.0,0.0,0.0,0.0,0.0,0.0,0.0,0.0,0.0,0
E2,energy_0.8,LB,C-ALNS-MP,105,0.65,0.75,0.5833333333333334,12907.80143164633,225.34936279999965,1.0,0.0,0.0,0.0,0.0,0.0,0.0,0.0,0.0,0.0,0.0,0.0,0.0,0.0,0.0,0
E2,energy_0.8,LB,C-ALNS-MP,106,0.65,0.75,0.5833333333333334,12502.574214619975,221.6420154999996,1.0,0.0,0.0,0.0,0.0,0.0,0.0,0.0,0.0,0.0,0.0,0.0,0.0,0.0,0.0,0
E2,energy_0.8,LB,C-ALNS-MP,107,0.95,0.875,1.0,2811.843510314823,214.3886049999992,1.0,0.0,0.0,0.0,0.0,0.0,0.0,0.0,0.0,0.0,0.0,0.0,0.0,0.0,0.0,0
E2,energy_0.8,LB,C-ALNS-MP,108,0.65,1.0,0.4166666666666667,13696.378636279458,234.2375493999998,1.0,0.0,0.0,0.0,0.0,0.0,0.0,0.0,0.0,0.0,0.0,0.0,0.0,0.0,0.0,0
E2,energy_0.8,LB,C-ALNS-MP,109,0.85,0.875,0.8333333333333334,6369.297854312415,219.19705759999945,3.0,0.0,0.0,0.0,0.0,0.0,0.0,0.0,0.0,0.0,0.0,0.0,0.0,0.0,0.0,0
E2,energy_1.2,LB,C-ALNS-MP,100,0.65,0.75,0.5833333333333334,12517.016452895408,225.3270263999993,1.0,0.0,0.0,0.0,0.0,0.0,0.0,0.0,0.0,0.0,0.0,0.0,0.0,0.0,0.0,0
E2,energy_1.2,LB,C-ALNS-MP,101,0.45,0.875,0.1666666666666666,20041.534687178744,155.10865879999983,0.0,0.0,0.0,0.0,0.0,0.0,0.0,0.0,0.0,0.0,0.0,0.0,0.0,0.0,0.0,0
E2,energy_1.2,LB,C-ALNS-MP,102,0.45,0.375,0.5,16942.442354123923,188.2687490999997,0.0,0.0,0.0,0.0,0.0,0.0,0.0,0.0,0.0,0.0,0.0,0.0,0.0,0.0,0.0,0
E2,energy_1.2,LB,C-ALNS-MP,103,0.75,1.0,0.5833333333333334,11098.48592103276,205.7041319,1.0,0.0,0.0,0.0,0.0,0.0,0.0,0.0,0.0,0.0,0.0,0.0,0.0,0.0,0.0,0
E2,energy_1.2,LB,C-ALNS-MP,104,0.7,0.875,0.5833333333333334,11600.21760022012,228.90800080000008,1.0,0.0,0.0,0.0,0.0,0.0,0.0,0.0,0.0,0.0,0.0,0.0,0.0,0.0,0.0,0
E2,energy_1.2,LB,C-ALNS-MP,105,0.7,0.75,0.6666666666666666,11159.056774731944,224.9334763999996,1.0,0.0,0.0,0.0,0.0,0.0,0.0,0.0,0.0,0.0,0.0,0.0,0.0,0.0,0.0,0
E2,energy_1.2,LB,C-ALNS-MP,106,0.7,0.75,0.6666666666666666,11131.943745967716,225.60161739999967,2.0,0.0,0.0,0.0,0.0,0.0,0.0,0.0,0.0,0.0,0.0,0.0,0.0,0.0,0.0,0
E2,energy_1.2,LB,C-ALNS-MP,107,0.9,0.875,0.9166666666666666,4271.565299610086,219.1997450000008,1.0,0.0,0.0,0.0,0.0,0.0,0.0,0.0,0.0,0.0,0.0,0.0,0.0,0.0,0.0,0
E2,energy_1.2,LB,C-ALNS-MP,108,0.65,1.0,0.4166666666666667,13696.378636279458,238.4161641999999,1.0,0.0,0.0,0.0,0.0,0.0,0.0,0.0,0.0,0.0,0.0,0.0,0.0,0.0,0.0,0
E2,energy_1.2,LB,C-ALNS-MP,109,0.9,0.875,0.9166666666666666,4321.440528878487,222.2242999,2.0,0.0,0.0,0.0,0.0,0.0,0.0,0.0,0.0,0.0,0.0,0.0,0.0,0.0,0.0,0
E2,wind_0.8,LB,C-ALNS-MP,100,0.85,0.875,0.8333333333333334,5924.906842617667,224.1970639000001,3.0,0.0,0.0,0.0,0.0,0.0,0.0,0.0,0.0,0.0,0.0,0.0,0.0,0.0,0.0,0
E2,wind_0.8,LB,C-ALNS-MP,101,0.45,0.75,0.25,19343.813836033947,160.93722119999984,0.0,0.0,0.0,0.0,0.0,0.0,0.0,0.0,0.0,0.0,0.0,0.0,0.0,0.0,0.0,0
E2,wind_0.8,LB,C-ALNS-MP,102,0.85,0.875,0.8333333333333334,7111.815518411112,248.6799499999997,5.0,0.0,0.0,0.0,0.0,0.0,0.0,0.0,0.0,0.0,0.0,0.0,0.0,0.0,0.0,0
E2,wind_0.8,LB,C-ALNS-MP,103,0.7,0.75,0.6666666666666666,10864.648198572811,220.42184989999987,4.0,0.0,0.0,0.0,0.0,0.0,0.0,0.0,0.0,0.0,0.0,0.0,0.0,0.0,0.0,0
E2,wind_0.8,LB,C-ALNS-MP,104,0.7,0.875,0.5833333333333334,11890.370220201865,235.8117803000005,4.0,0.0,0.0,0.0,0.0,0.0,0.0,0.0,0.0,0.0,0.0,0.0,0.0,0.0,0.0,0
E2,wind_0.8,LB,C-ALNS-MP,105,0.65,0.5,0.75,10859.122946083044,198.0509888999996,3.0,0.0,0.0,0.0,0.0,0.0,0.0,0.0,0.0,0.0,0.0,0.0,0.0,0.0,0.0,0
E2,wind_0.8,LB,C-ALNS-MP,106,0.55,0.75,0.4166666666666667,15484.178084607169,194.3664674000001,3.0,0.0,0.0,0.0,0.0,0.0,0.0,0.0,0.0,0.0,0.0,0.0,0.0,0.0,0.0,0
E2,wind_0.8,LB,C-ALNS-MP,107,0.95,0.875,1.0,1875.894416884582,226.0703895000006,3.0,0.0,0.0,0.0,0.0,0.0,0.0,0.0,0.0,0.0,0.0,0.0,0.0,0.0,0.0,0
E2,wind_0.8,LB,C-ALNS-MP,108,0.8,1.0,0.6666666666666666,9334.133940798956,228.22151740000027,1.0,0.0,0.0,0.0,0.0,0.0,0.0,0.0,0.0,0.0,0.0,0.0,0.0,0.0,0.0,0
E2,wind_0.8,LB,C-ALNS-MP,109,0.85,0.75,0.9166666666666666,5128.277768893868,215.3828743000004,3.0,0.0,0.0,0.0,0.0,0.0,0.0,0.0,0.0,0.0,0.0,0.0,0.0,0.0,0.0,0
E2,wind_1.2,LB,C-ALNS-MP,100,0.45,0.625,0.3333333333333333,18372.461324107466,149.93113450000055,0.0,0.0,0.0,0.0,0.0,0.0,0.0,0.0,0.0,0.0,0.0,0.0,0.0,0.0,0.0,0
E2,wind_1.2,LB,C-ALNS-MP,101,0.35,0.625,0.1666666666666666,21705.15589267868,125.7996551999995,0.0,0.0,0.0,0.0,0.0,0.0,0.0,0.0,0.0,0.0,0.0,0.0,0.0,0.0,0.0,0
E2,wind_1.2,LB,C-ALNS-MP,102,0.9,1.0,0.8333333333333334,7066.029065559294,259.9146527999992,3.0,0.0,0.0,0.0,0.0,0.0,0.0,0.0,0.0,0.0,0.0,0.0,0.0,0.0,0.0,0
E2,wind_1.2,LB,C-ALNS-MP,103,0.65,0.875,0.5,12678.240718121438,117.20280530000036,0.0,0.0,0.0,0.0,0.0,0.0,0.0,0.0,0.0,0.0,0.0,0.0,0.0,0.0,0.0,0
E2,wind_1.2,LB,C-ALNS-MP,104,0.65,0.875,0.5,13058.75292405698,239.2453469000002,4.0,0.0,0.0,0.0,0.0,0.0,0.0,0.0,0.0,0.0,0.0,0.0,0.0,0.0,0.0,0
E2,wind_1.2,LB,C-ALNS-MP,105,0.85,0.875,0.8333333333333334,7127.24214658394,234.41940980000072,3.0,0.0,0.0,0.0,0.0,0.0,0.0,0.0,0.0,0.0,0.0,0.0,0.0,0.0,0.0,0
E2,wind_1.2,LB,C-ALNS-MP,106,0.75,0.875,0.6666666666666666,9443.441141481964,175.2892641999997,0.0,0.0,0.0,0.0,0.0,0.0,0.0,0.0,0.0,0.0,0.0,0.0,0.0,0.0,0.0,0
E2,wind_1.2,LB,C-ALNS-MP,107,0.85,0.75,0.9166666666666666,5381.791758803639,198.1974102999993,0.0,0.0,0.0,0.0,0.0,0.0,0.0,0.0,0.0,0.0,0.0,0.0,0.0,0.0,0.0,0
E2,wind_1.2,LB,C-ALNS-MP,108,0.8,0.875,0.75,8839.554404817689,224.2021200999997,2.0,0.0,0.0,0.0,0.0,0.0,0.0,0.0,0.0,0.0,0.0,0.0,0.0,0.0,0.0,0
E2,wind_1.2,LB,C-ALNS-MP,109,0.65,0.875,0.5,13421.701474432984,154.26759990000028,0.0,0.0,0.0,0.0,0.0,0.0,0.0,0.0,0.0,0.0,0.0,0.0,0.0,0.0,0.0,0
E1,island_off,LB,ER-HLNS,100,0.8,0.625,0.9166666666666666,6738.826431717874,94.42999180000004,0.0,0.0,0.0,0.0,0.0,0.0,0.0,0.0,0.0,0.0,0.0,0.0,0.0,0.0,0.0,0
E1,island_off,LB,ER-HLNS,101,0.5,0.25,0.6666666666666666,13966.139121461883,138.14009589999995,1.0,0.0,0.0,0.0,0.0,0.0,0.0,0.0,0.0,0.0,0.0,0.0,0.0,0.0,0.0,0
E1,island_off,LB,ER-HLNS,102,0.95,0.875,1.0,4048.231341625056,156.43806099999995,1.0,0.0,0.0,0.0,0.0,0.0,0.0,0.0,0.0,0.0,0.0,0.0,0.0,0.0,0.0,0
E1,island_off,LB,ER-HLNS,103,0.75,0.875,0.6666666666666666,9609.472157602826,156.30097120000005,1.0,0.0,0.0,0.0,0.0,0.0,0.0,0.0,0.0,0.0,0.0,0.0,0.0,0.0,0.0,0
E1,island_off,LB,ER-HLNS,104,0.4,0.125,0.5833333333333334,16977.016812969396,176.2084967,3.0,0.0,0.0,0.0,0.0,0.0,0.0,0.0,0.0,0.0,0.0,0.0,0.0,0.0,0.0,0
E1,island_off,LB,ER-HLNS,105,0.75,0.375,1.0,6301.335011816864,154.47219969999998,4.0,0.0,0.0,0.0,0.0,0.0,0.0,0.0,0.0,0.0,0.0,0.0,0.0,0.0,0.0,0
E1,island_off,LB,ER-HLNS,106,0.8,0.625,0.9166666666666666,7592.168152481795,170.16803140000002,2.0,0.0,0.0,0.0,0.0,0.0,0.0,0.0,0.0,0.0,0.0,0.0,0.0,0.0,0.0,0
E1,island_off,LB,ER-HLNS,107,0.95,1.0,0.9166666666666666,3618.30953411414,148.21982780000008,3.0,0.0,0.0,0.0,0.0,0.0,0.0,0.0,0.0,0.0,0.0,0.0,0.0,0.0,0.0,0
E1,island_off,LB,ER-HLNS,108,0.7,0.75,0.6666666666666666,11001.604222147862,107.64631350000002,0.0,0.0,0.0,0.0,0.0,0.0,0.0,0.0,0.0,0.0,0.0,0.0,0.0,0.0,0.0,0
E1,island_off,LB,ER-HLNS,109,0.8,0.625,0.9166666666666666,6323.857140542913,143.5095708,2.0,0.0,0.0,0.0,0.0,0.0,0.0,0.0,0.0,0.0,0.0,0.0,0.0,0.0,0.0,0
E1,island_off,LB,ER-HLNS-parallel-rescue,100,0.75,0.625,0.8333333333333334,8562.881296676864,96.2692439,0.0,0.0,0.0,0.0,0.0,0.0,0.0,0.0,0.0,0.0,0.0,0.0,0.0,0.0,0.0,0
E1,island_off,LB,ER-HLNS-parallel-rescue,101,0.5,0.25,0.6666666666666666,13974.637039147186,138.611356,1.0,0.0,0.0,0.0,0.0,0.0,0.0,0.0,0.0,0.0,0.0,0.0,0.0,0.0,0.0,0
E1,island_off,LB,ER-HLNS-parallel-rescue,102,0.95,0.875,1.0,3528.5197375855973,146.0407315,2.0,0.0,0.0,0.0,0.0,0.0,0.0,0.0,0.0,0.0,0.0,0.0,0.0,0.0,0.0,0
E1,island_off,LB,ER-HLNS-parallel-rescue,103,0.8,0.75,0.8333333333333334,7143.619726957565,143.51193460000002,1.0,0.0,0.0,0.0,0.0,0.0,0.0,0.0,0.0,0.0,0.0,0.0,0.0,0.0,0.0,0
E1,island_off,LB,ER-HLNS-parallel-rescue,104,0.45,0.25,0.5833333333333334,16109.251117509808,211.93131800000003,5.0,0.0,0.0,0.0,0.0,0.0,0.0,0.0,0.0,0.0,0.0,0.0,0.0,0.0,0.0,0
E1,island_off,LB,ER-HLNS-parallel-rescue,105,0.75,0.375,1.0,6295.719422172149,149.47717869999997,3.0,0.0,0.0,0.0,0.0,0.0,0.0,0.0,0.0,0.0,0.0,0.0,0.0,0.0,0.0,0
E1,island_off,LB,ER-HLNS-parallel-rescue,106,0.95,0.875,1.0,3501.8858043500272,121.82103989999996,0.0,0.0,0.0,0.0,0.0,0.0,0.0,0.0,0.0,0.0,0.0,0.0,0.0,0.0,0.0,0
E1,island_off,LB,ER-HLNS-parallel-rescue,107,0.9,0.75,1.0,3921.280252039609,136.5853462,3.0,0.0,0.0,0.0,0.0,0.0,0.0,0.0,0.0,0.0,0.0,0.0,0.0,0.0,0.0,0
E1,island_off,LB,ER-HLNS-parallel-rescue,108,0.55,0.5,0.5833333333333334,14105.166926376469,103.2618877,0.0,0.0,0.0,0.0,0.0,0.0,0.0,0.0,0.0,0.0,0.0,0.0,0.0,0.0,0.0,0
E1,island_off,LB,ER-HLNS-parallel-rescue,109,0.85,0.625,1.0,5125.999801102034,139.03704750000009,2.0,0.0,0.0,0.0,0.0,0.0,0.0,0.0,0.0,0.0,0.0,0.0,0.0,0.0,0.0,0
E1,island_on,LB,ER-HLNS,100,0.8,0.75,0.8333333333333334,7621.926701186507,93.1323828,0.0,0.0,0.0,0.0,0.0,0.0,0.0,0.0,0.0,0.0,0.0,0.0,0.0,0.0,0.0,0
E1,island_on,LB,ER-HLNS,101,0.65,0.875,0.5,13579.959565970314,93.8982295,0.0,0.0,0.0,0.0,0.0,0.0,0.0,0.0,0.0,0.0,0.0,0.0,0.0,0.0,0.0,0
E1,island_on,LB,ER-HLNS,102,0.6,0.375,0.75,11926.089488816868,133.23422290000002,1.0,0.0,0.0,0.0,0.0,0.0,0.0,0.0,0.0,0.0,0.0,0.0,0.0,0.0,0.0,0
E1,island_on,LB,ER-HLNS,103,0.8,1.0,0.6666666666666666,9960.048011254572,142.5520764,1.0,0.0,0.0,0.0,0.0,0.0,0.0,0.0,0.0,0.0,0.0,0.0,0.0,0.0,0.0,0
E1,island_on,LB,ER-HLNS,104,0.6,0.625,0.5833333333333334,13266.602867466678,149.2870773,1.0,0.0,0.0,0.0,0.0,0.0,0.0,0.0,0.0,0.0,0.0,0.0,0.0,0.0,0.0,0
E1,island_on,LB,ER-HLNS,105,0.75,0.5,0.9166666666666666,7511.950076641092,144.6766386,3.0,0.0,0.0,0.0,0.0,0.0,0.0,0.0,0.0,0.0,0.0,0.0,0.0,0.0,0.0,0
E1,island_on,LB,ER-HLNS,106,0.85,0.75,0.9166666666666666,6890.920952791016,155.91258929999998,1.0,0.0,0.0,0.0,0.0,0.0,0.0,0.0,0.0,0.0,0.0,0.0,0.0,0.0,0.0,0
E1,island_on,LB,ER-HLNS,107,0.9,0.75,1.0,2877.825430290181,139.13927689999997,3.0,0.0,0.0,0.0,0.0,0.0,0.0,0.0,0.0,0.0,0.0,0.0,0.0,0.0,0.0,0
E1,island_on,LB,ER-HLNS,108,0.6,0.625,0.5833333333333334,13534.39860040403,122.3002302,0.0,0.0,0.0,0.0,0.0,0.0,0.0,0.0,0.0,0.0,0.0,0.0,0.0,0.0,0.0,0
E1,island_on,LB,ER-HLNS,109,0.7,0.625,0.75,9508.002235395765,139.03681540000002,1.0,0.0,0.0,0.0,0.0,0.0,0.0,0.0,0.0,0.0,0.0,0.0,0.0,0.0,0.0,0
E1,island_on,LB,ER-HLNS-parallel-rescue,100,0.85,0.75,0.9166666666666666,6237.740001369447,103.33091069999998,1.0,0.0,0.0,0.0,0.0,0.0,0.0,0.0,0.0,0.0,0.0,0.0,0.0,0.0,0.0,0
E1,island_on,LB,ER-HLNS-parallel-rescue,101,0.7,0.75,0.6666666666666666,11425.327810885983,141.9975631,1.0,0.0,0.0,0.0,0.0,0.0,0.0,0.0,0.0,0.0,0.0,0.0,0.0,0.0,0.0,0
E1,island_on,LB,ER-HLNS-parallel-rescue,102,0.7,0.375,0.9166666666666666,8470.923196253396,138.75927399999998,2.0,0.0,0.0,0.0,0.0,0.0,0.0,0.0,0.0,0.0,0.0,0.0,0.0,0.0,0.0,0
E1,island_on,LB,ER-HLNS-parallel-rescue,103,0.8,1.0,0.6666666666666666,9043.599988341182,141.8248382,1.0,0.0,0.0,0.0,0.0,0.0,0.0,0.0,0.0,0.0,0.0,0.0,0.0,0.0,0.0,0
E1,island_on,LB,ER-HLNS-parallel-rescue,104,0.6,0.625,0.5833333333333334,13263.391814804623,161.36867840000002,1.0,0.0,0.0,0.0,0.0,0.0,0.0,0.0,0.0,0.0,0.0,0.0,0.0,0.0,0.0,0
E1,island_on,LB,ER-HLNS-parallel-rescue,105,0.8,0.625,0.9166666666666666,7052.87753356981,143.06109529999998,1.0,0.0,0.0,0.0,0.0,0.0,0.0,0.0,0.0,0.0,0.0,0.0,0.0,0.0,0.0,0
E1,island_on,LB,ER-HLNS-parallel-rescue,106,0.8,0.625,0.9166666666666666,7016.596721556572,128.8751175,1.0,0.0,0.0,0.0,0.0,0.0,0.0,0.0,0.0,0.0,0.0,0.0,0.0,0.0,0.0,0
E1,island_on,LB,ER-HLNS-parallel-rescue,107,0.95,0.875,1.0,2479.144776359102,139.11554920000003,3.0,0.0,0.0,0.0,0.0,0.0,0.0,0.0,0.0,0.0,0.0,0.0,0.0,0.0,0.0,0
E1,island_on,LB,ER-HLNS-parallel-rescue,108,0.65,0.625,0.6666666666666666,11710.635184226545,126.2168203,0.0,0.0,0.0,0.0,0.0,0.0,0.0,0.0,0.0,0.0,0.0,0.0,0.0,0.0,0.0,0
E1,island_on,LB,ER-HLNS-parallel-rescue,109,0.75,0.625,0.8333333333333334,7785.58642826552,132.51207060000002,2.0,0.0,0.0,0.0,0.0,0.0,0.0,0.0,0.0,0.0,0.0,0.0,0.0,0.0,0.0,0
E2,energy_0.8,LB,ER-HLNS-parallel-rescue,100,0.85,0.75,0.9166666666666666,6237.740001369447,102.87129759999992,1.0,0.0,0.0,0.0,0.0,0.0,0.0,0.0,0.0,0.0,0.0,0.0,0.0,0.0,0.0,0
E2,energy_0.8,LB,ER-HLNS-parallel-rescue,101,0.7,0.75,0.6666666666666666,11425.327810885983,141.8592053000001,1.0,0.0,0.0,0.0,0.0,0.0,0.0,0.0,0.0,0.0,0.0,0.0,0.0,0.0,0.0,0
E2,energy_0.8,LB,ER-HLNS-parallel-rescue,102,0.7,0.375,0.9166666666666666,8470.923196253396,141.53863250000006,2.0,0.0,0.0,0.0,0.0,0.0,0.0,0.0,0.0,0.0,0.0,0.0,0.0,0.0,0.0,0
E2,energy_0.8,LB,ER-HLNS-parallel-rescue,103,0.75,0.875,0.6666666666666666,9600.147150250068,139.6489128999999,1.0,0.0,0.0,0.0,0.0,0.0,0.0,0.0,0.0,0.0,0.0,0.0,0.0,0.0,0.0,0
E2,energy_0.8,LB,ER-HLNS-parallel-rescue,104,0.55,0.5,0.5833333333333334,13750.138740543622,189.7816029999999,1.0,0.0,0.0,0.0,0.0,0.0,0.0,0.0,0.0,0.0,0.0,0.0,0.0,0.0,0.0,0
E2,energy_0.8,LB,ER-HLNS-parallel-rescue,105,0.8,0.625,0.9166666666666666,7052.87753356981,174.62595750000003,1.0,0.0,0.0,0.0,0.0,0.0,0.0,0.0,0.0,0.0,0.0,0.0,0.0,0.0,0.0,0
E2,energy_0.8,LB,ER-HLNS-parallel-rescue,106,0.8,0.625,0.9166666666666666,7016.596721556572,154.9645764999999,1.0,0.0,0.0,0.0,0.0,0.0,0.0,0.0,0.0,0.0,0.0,0.0,0.0,0.0,0.0,0
E2,energy_0.8,LB,ER-HLNS-parallel-rescue,107,0.95,0.875,1.0,2481.496686871999,185.25796650000007,3.0,0.0,0.0,0.0,0.0,0.0,0.0,0.0,0.0,0.0,0.0,0.0,0.0,0.0,0.0,0
E2,energy_0.8,LB,ER-HLNS-parallel-rescue,108,0.65,0.625,0.6666666666666666,11710.635184226545,222.0199458,1.0,0.0,0.0,0.0,0.0,0.0,0.0,0.0,0.0,0.0,0.0,0.0,0.0,0.0,0.0,0
E2,energy_0.8,LB,ER-HLNS-parallel-rescue,109,0.75,0.625,0.8333333333333334,8327.817826965258,211.50187269999992,3.0,0.0,0.0,0.0,0.0,0.0,0.0,0.0,0.0,0.0,0.0,0.0,0.0,0.0,0.0,0
E2,energy_1.2,LB,ER-HLNS-parallel-rescue,100,0.85,0.75,0.9166666666666666,6237.740001369447,144.3757783000001,1.0,0.0,0.0,0.0,0.0,0.0,0.0,0.0,0.0,0.0,0.0,0.0,0.0,0.0,0.0,0
E2,energy_1.2,LB,ER-HLNS-parallel-rescue,101,0.65,0.75,0.5833333333333334,13088.79944421242,155.4993786,0.0,0.0,0.0,0.0,0.0,0.0,0.0,0.0,0.0,0.0,0.0,0.0,0.0,0.0,0.0,0
E2,energy_1.2,LB,ER-HLNS-parallel-rescue,102,0.6,0.375,0.75,11838.323025837368,191.9688618999999,1.0,0.0,0.0,0.0,0.0,0.0,0.0,0.0,0.0,0.0,0.0,0.0,0.0,0.0,0.0,0
E2,energy_1.2,LB,ER-HLNS-parallel-rescue,103,0.8,1.0,0.6666666666666666,9054.586894420898,192.2566677,1.0,0.0,0.0,0.0,0.0,0.0,0.0,0.0,0.0,0.0,0.0,0.0,0.0,0.0,0.0,0
E2,energy_1.2,LB,ER-HLNS-parallel-rescue,104,0.6,0.5,0.6666666666666666,12468.791515818531,189.6093392,1.0,0.0,0.0,0.0,0.0,0.0,0.0,0.0,0.0,0.0,0.0,0.0,0.0,0.0,0.0,0
E2,energy_1.2,LB,ER-HLNS-parallel-rescue,105,0.8,0.625,0.9166666666666666,7052.87753356981,171.62009890000013,1.0,0.0,0.0,0.0,0.0,0.0,0.0,0.0,0.0,0.0,0.0,0.0,0.0,0.0,0.0,0
E2,energy_1.2,LB,ER-HLNS-parallel-rescue,106,0.8,0.625,0.9166666666666666,7016.596721556572,160.2115655,1.0,0.0,0.0,0.0,0.0,0.0,0.0,0.0,0.0,0.0,0.0,0.0,0.0,0.0,0.0,0
E2,energy_1.2,LB,ER-HLNS-parallel-rescue,107,0.95,0.875,1.0,2481.6319818239385,164.1544831000001,3.0,0.0,0.0,0.0,0.0,0.0,0.0,0.0,0.0,0.0,0.0,0.0,0.0,0.0,0.0,0
E2,energy_1.2,LB,ER-HLNS-parallel-rescue,108,0.65,0.625,0.6666666666666666,11710.635184226545,134.20197540000004,0.0,0.0,0.0,0.0,0.0,0.0,0.0,0.0,0.0,0.0,0.0,0.0,0.0,0.0,0.0,0
E2,energy_1.2,LB,ER-HLNS-parallel-rescue,109,0.7,0.625,0.75,9568.863779492314,137.97892610000008,1.0,0.0,0.0,0.0,0.0,0.0,0.0,0.0,0.0,0.0,0.0,0.0,0.0,0.0,0.0,0
E2,wind_0.8,LB,ER-HLNS-parallel-rescue,100,0.95,0.875,1.0,2915.760526545242,169.06353689999992,4.0,0.0,0.0,0.0,0.0,0.0,0.0,0.0,0.0,0.0,0.0,0.0,0.0,0.0,0.0,0
E2,wind_0.8,LB,ER-HLNS-parallel-rescue,101,0.75,0.75,0.75,10180.908322544909,165.58125889999997,1.0,0.0,0.0,0.0,0.0,0.0,0.0,0.0,0.0,0.0,0.0,0.0,0.0,0.0,0.0,0
E2,wind_0.8,LB,ER-HLNS-parallel-rescue,102,0.9,0.75,1.0,3821.993897075119,170.86144190000005,1.0,0.0,0.0,0.0,0.0,0.0,0.0,0.0,0.0,0.0,0.0,0.0,0.0,0.0,0.0,0
E2,wind_0.8,LB,ER-HLNS-parallel-rescue,103,0.8,0.625,0.9166666666666666,6554.801788400289,182.6606448,3.0,0.0,0.0,0.0,0.0,0.0,0.0,0.0,0.0,0.0,0.0,0.0,0.0,0.0,0.0,0
E2,wind_0.8,LB,ER-HLNS-parallel-rescue,104,0.9,0.75,1.0,4605.4709446797,203.2867528,3.0,0.0,0.0,0.0,0.0,0.0,0.0,0.0,0.0,0.0,0.0,0.0,0.0,0.0,0.0,0
E2,wind_0.8,LB,ER-HLNS-parallel-rescue,105,0.75,0.5,0.9166666666666666,7648.458730447694,191.7267796000001,2.0,0.0,0.0,0.0,0.0,0.0,0.0,0.0,0.0,0.0,0.0,0.0,0.0,0.0,0.0,0
E2,wind_0.8,LB,ER-HLNS-parallel-rescue,106,0.8,0.875,0.75,8187.362034376996,401.0250295999999,1.0,0.0,0.0,0.0,0.0,0.0,0.0,0.0,0.0,0.0,0.0,0.0,0.0,0.0,0.0,0
E2,wind_0.8,LB,ER-HLNS-parallel-rescue,107,0.9,0.75,1.0,3954.243742171071,436.1425157000001,5.0,0.0,0.0,0.0,0.0,0.0,0.0,0.0,0.0,0.0,0.0,0.0,0.0,0.0,0.0,0
E2,wind_0.8,LB,ER-HLNS-parallel-rescue,108,0.45,0.25,0.5833333333333334,16116.188513487545,439.1901654999999,1.0,0.0,0.0,0.0,0.0,0.0,0.0,0.0,0.0,0.0,0.0,0.0,0.0,0.0,0.0,0
E2,wind_0.8,LB,ER-HLNS-parallel-rescue,109,0.85,0.75,0.9166666666666666,5131.775595826288,420.4289547000003,3.0,0.0,0.0,0.0,0.0,0.0,0.0,0.0,0.0,0.0,0.0,0.0,0.0,0.0,0.0,0
E2,wind_1.2,LB,ER-HLNS-parallel-rescue,100,0.65,0.5,0.75,11282.734018461992,363.1822792,0.0,0.0,0.0,0.0,0.0,0.0,0.0,0.0,0.0,0.0,0.0,0.0,0.0,0.0,0.0,0
E2,wind_1.2,LB,ER-HLNS-parallel-rescue,101,0.35,0.125,0.5,17653.669217951763,356.2533042,0.0,0.0,0.0,0.0,0.0,0.0,0.0,0.0,0.0,0.0,0.0,0.0,0.0,0.0,0.0,0
E2,wind_1.2,LB,ER-HLNS-parallel-rescue,102,0.95,0.875,1.0,3751.3134401074817,254.2423560000002,2.0,0.0,0.0,0.0,0.0,0.0,0.0,0.0,0.0,0.0,0.0,0.0,0.0,0.0,0.0,0
E2,wind_1.2,LB,ER-HLNS-parallel-rescue,103,0.65,0.75,0.5833333333333334,11861.490502773127,153.19086349999998,0.0,0.0,0.0,0.0,0.0,0.0,0.0,0.0,0.0,0.0,0.0,0.0,0.0,0.0,0.0,0
E2,wind_1.2,LB,ER-HLNS-parallel-rescue,104,0.8,0.875,0.75,8852.224176015872,209.35557670000023,1.0,0.0,0.0,0.0,0.0,0.0,0.0,0.0,0.0,0.0,0.0,0.0,0.0,0.0,0.0,0
E2,wind_1.2,LB,ER-HLNS-parallel-rescue,105,0.9,0.75,1.0,4725.975586615719,246.6794365000001,4.0,0.0,0.0,0.0,0.0,0.0,0.0,0.0,0.0,0.0,0.0,0.0,0.0,0.0,0.0,0
E2,wind_1.2,LB,ER-HLNS-parallel-rescue,106,0.75,0.75,0.75,9735.823151716786,176.39463909999995,0.0,0.0,0.0,0.0,0.0,0.0,0.0,0.0,0.0,0.0,0.0,0.0,0.0,0.0,0.0,0
E2,wind_1.2,LB,ER-HLNS-parallel-rescue,107,0.75,0.625,0.8333333333333334,7267.799114946671,183.8638181000001,0.0,0.0,0.0,0.0,0.0,0.0,0.0,0.0,0.0,0.0,0.0,0.0,0.0,0.0,0.0,0
E2,wind_1.2,LB,ER-HLNS-parallel-rescue,108,0.8,0.625,0.9166666666666666,7739.673550301823,183.1156375999999,2.0,0.0,0.0,0.0,0.0,0.0,0.0,0.0,0.0,0.0,0.0,0.0,0.0,0.0,0.0,0
E2,wind_1.2,LB,ER-HLNS-parallel-rescue,109,0.65,0.625,0.6666666666666666,11219.339605495488,162.2225466,0.0,0.0,0.0,0.0,0.0,0.0,0.0,0.0,0.0,0.0,0.0,0.0,0.0,0.0,0.0,0
E3,radius_1000,LB,ER-HLNS-parallel-rescue,100,0.85,0.75,0.9166666666666666,6237.740001369447,69.0398680000003,1.0,0.0,0.0,0.0,0.0,0.0,0.0,0.0,0.0,0.0,0.0,0.0,0.0,0.0,0.0,0
E3,radius_1000,LB,ER-HLNS-parallel-rescue,101,0.7,0.75,0.6666666666666666,11425.327810885983,93.09404630000016,1.0,0.0,0.0,0.0,0.0,0.0,0.0,0.0,0.0,0.0,0.0,0.0,0.0,0.0,0.0,0
E3,radius_1000,LB,ER-HLNS-parallel-rescue,102,0.7,0.375,0.9166666666666666,8470.923196253396,90.7604483,2.0,0.0,0.0,0.0,0.0,0.0,0.0,0.0,0.0,0.0,0.0,0.0,0.0,0.0,0.0,0
E3,radius_1000,LB,ER-HLNS-parallel-rescue,103,0.8,1.0,0.6666666666666666,9043.599988341182,93.0400341999998,1.0,0.0,0.0,0.0,0.0,0.0,0.0,0.0,0.0,0.0,0.0,0.0,0.0,0.0,0.0,0
E3,radius_1000,LB,ER-HLNS-parallel-rescue,104,0.6,0.625,0.5833333333333334,13263.391814804623,104.35160420000012,1.0,0.0,0.0,0.0,0.0,0.0,0.0,0.0,0.0,0.0,0.0,0.0,0.0,0.0,0.0,0
E3,radius_1000,LB,ER-HLNS-parallel-rescue,105,0.8,0.625,0.9166666666666666,7052.87753356981,93.27098699999988,1.0,0.0,0.0,0.0,0.0,0.0,0.0,0.0,0.0,0.0,0.0,0.0,0.0,0.0,0.0,0
E3,radius_1000,LB,ER-HLNS-parallel-rescue,106,0.8,0.625,0.9166666666666666,7016.596721556572,84.82935279999992,1.0,0.0,0.0,0.0,0.0,0.0,0.0,0.0,0.0,0.0,0.0,0.0,0.0,0.0,0.0,0
E3,radius_1000,LB,ER-HLNS-parallel-rescue,107,0.95,0.875,1.0,2479.144776359102,86.15765459999966,3.0,0.0,0.0,0.0,0.0,0.0,0.0,0.0,0.0,0.0,0.0,0.0,0.0,0.0,0.0,0
E3,radius_1000,LB,ER-HLNS-parallel-rescue,108,0.65,0.625,0.6666666666666666,11710.635184226545,79.6591042,0.0,0.0,0.0,0.0,0.0,0.0,0.0,0.0,0.0,0.0,0.0,0.0,0.0,0.0,0.0,0
E3,radius_1000,LB,ER-HLNS-parallel-rescue,109,0.7,0.375,0.9166666666666666,7772.802124081674,77.32675269999982,3.0,0.0,0.0,0.0,0.0,0.0,0.0,0.0,0.0,0.0,0.0,0.0,0.0,0.0,0.0,0
E3,radius_600,LB,ER-HLNS-parallel-rescue,100,0.85,0.75,0.9166666666666666,6237.740001369447,157.18778969999994,1.0,0.0,0.0,0.0,0.0,0.0,0.0,0.0,0.0,0.0,0.0,0.0,0.0,0.0,0.0,0
E3,radius_600,LB,ER-HLNS-parallel-rescue,101,0.7,0.75,0.6666666666666666,11425.327810885983,165.6605196999999,1.0,0.0,0.0,0.0,0.0,0.0,0.0,0.0,0.0,0.0,0.0,0.0,0.0,0.0,0.0,0
E3,radius_600,LB,ER-HLNS-parallel-rescue,102,0.7,0.375,0.9166666666666666,8470.923196253396,147.76686070000005,2.0,0.0,0.0,0.0,0.0,0.0,0.0,0.0,0.0,0.0,0.0,0.0,0.0,0.0,0.0,0
E3,radius_600,LB,ER-HLNS-parallel-rescue,103,0.8,1.0,0.6666666666666666,9043.599988341182,134.07802139999967,1.0,0.0,0.0,0.0,0.0,0.0,0.0,0.0,0.0,0.0,0.0,0.0,0.0,0.0,0.0,0
E3,radius_600,LB,ER-HLNS-parallel-rescue,104,0.6,0.625,0.5833333333333334,13263.391814804623,143.8563554999996,1.0,0.0,0.0,0.0,0.0,0.0,0.0,0.0,0.0,0.0,0.0,0.0,0.0,0.0,0.0,0
E3,radius_600,LB,ER-HLNS-parallel-rescue,105,0.8,0.625,0.9166666666666666,7052.87753356981,94.749734,1.0,0.0,0.0,0.0,0.0,0.0,0.0,0.0,0.0,0.0,0.0,0.0,0.0,0.0,0.0,0
E3,radius_600,LB,ER-HLNS-parallel-rescue,106,0.8,0.625,0.9166666666666666,7016.596721556572,86.87140550000004,1.0,0.0,0.0,0.0,0.0,0.0,0.0,0.0,0.0,0.0,0.0,0.0,0.0,0.0,0.0,0
E3,radius_600,LB,ER-HLNS-parallel-rescue,107,0.95,0.875,1.0,2479.144776359102,92.55573159999994,3.0,0.0,0.0,0.0,0.0,0.0,0.0,0.0,0.0,0.0,0.0,0.0,0.0,0.0,0.0,0
E3,radius_600,LB,ER-HLNS-parallel-rescue,108,0.65,0.625,0.6666666666666666,11710.635184226545,85.73498489999974,0.0,0.0,0.0,0.0,0.0,0.0,0.0,0.0,0.0,0.0,0.0,0.0,0.0,0.0,0.0,0
E3,radius_600,LB,ER-HLNS-parallel-rescue,109,0.75,0.625,0.8333333333333334,7785.58642826552,88.35611530000006,2.0,0.0,0.0,0.0,0.0,0.0,0.0,0.0,0.0,0.0,0.0,0.0,0.0,0.0,0.0,0
E3,reserve_20,LB,ER-HLNS-parallel-rescue,100,0.85,0.75,0.9166666666666666,6237.740001369447,133.18566889999963,1.0,0.0,0.0,0.0,0.0,0.0,0.0,0.0,0.0,0.0,0.0,0.0,0.0,0.0,0.0,0
E3,reserve_20,LB,ER-HLNS-parallel-rescue,101,0.7,0.75,0.6666666666666666,11425.327810885983,180.6245202,1.0,0.0,0.0,0.0,0.0,0.0,0.0,0.0,0.0,0.0,0.0,0.0,0.0,0.0,0.0,0
E3,reserve_20,LB,ER-HLNS-parallel-rescue,102,0.7,0.375,0.9166666666666666,8470.923196253396,179.18333729999995,2.0,0.0,0.0,0.0,0.0,0.0,0.0,0.0,0.0,0.0,0.0,0.0,0.0,0.0,0.0,0
E3,reserve_20,LB,ER-HLNS-parallel-rescue,103,0.8,1.0,0.6666666666666666,9043.599988341182,203.4120160999996,1.0,0.0,0.0,0.0,0.0,0.0,0.0,0.0,0.0,0.0,0.0,0.0,0.0,0.0,0.0,0
E3,reserve_20,LB,ER-HLNS-parallel-rescue,104,0.55,0.5,0.5833333333333334,14023.623950897429,286.0390189000004,1.0,0.0,0.0,0.0,0.0,0.0,0.0,0.0,0.0,0.0,0.0,0.0,0.0,0.0,0.0,0
E3,reserve_20,LB,ER-HLNS-parallel-rescue,105,0.8,0.625,0.9166666666666666,7052.87753356981,254.53060929999992,1.0,0.0,0.0,0.0,0.0,0.0,0.0,0.0,0.0,0.0,0.0,0.0,0.0,0.0,0.0,0
E3,reserve_20,LB,ER-HLNS-parallel-rescue,106,0.8,0.625,0.9166666666666666,7121.586708312575,269.5155218,2.0,0.0,0.0,0.0,0.0,0.0,0.0,0.0,0.0,0.0,0.0,0.0,0.0,0.0,0.0,0
E3,reserve_20,LB,ER-HLNS-parallel-rescue,107,0.95,0.875,1.0,2479.144776359102,275.0183244,3.0,0.0,0.0,0.0,0.0,0.0,0.0,0.0,0.0,0.0,0.0,0.0,0.0,0.0,0.0,0
E3,reserve_20,LB,ER-HLNS-parallel-rescue,108,0.65,0.625,0.6666666666666666,11710.635184226545,252.98797130000003,0.0,0.0,0.0,0.0,0.0,0.0,0.0,0.0,0.0,0.0,0.0,0.0,0.0,0.0,0.0,0
E3,reserve_20,LB,ER-HLNS-parallel-rescue,109,0.75,0.625,0.8333333333333334,7785.58642826552,248.8303549999996,2.0,0.0,0.0,0.0,0.0,0.0,0.0,0.0,0.0,0.0,0.0,0.0,0.0,0.0,0.0,0
E3,reserve_40,LB,ER-HLNS-parallel-rescue,100,0.85,0.75,0.9166666666666666,6237.740001369447,161.38576539999983,1.0,0.0,0.0,0.0,0.0,0.0,0.0,0.0,0.0,0.0,0.0,0.0,0.0,0.0,0.0,0
E3,reserve_40,LB,ER-HLNS-parallel-rescue,101,0.7,0.75,0.6666666666666666,11425.327810885983,202.74543889999995,1.0,0.0,0.0,0.0,0.0,0.0,0.0,0.0,0.0,0.0,0.0,0.0,0.0,0.0,0.0,0
E3,reserve_40,LB,ER-HLNS-parallel-rescue,102,0.7,0.375,0.9166666666666666,8470.923196253396,196.47192240000004,2.0,0.0,0.0,0.0,0.0,0.0,0.0,0.0,0.0,0.0,0.0,0.0,0.0,0.0,0.0,0
E3,reserve_40,LB,ER-HLNS-parallel-rescue,103,0.8,1.0,0.6666666666666666,9043.599988341182,189.2147243999998,1.0,0.0,0.0,0.0,0.0,0.0,0.0,0.0,0.0,0.0,0.0,0.0,0.0,0.0,0.0,0
E3,reserve_40,LB,ER-HLNS-parallel-rescue,104,0.6,0.625,0.5833333333333334,13427.285586886464,197.2443481,1.0,0.0,0.0,0.0,0.0,0.0,0.0,0.0,0.0,0.0,0.0,0.0,0.0,0.0,0.0,0
E3,reserve_40,LB,ER-HLNS-parallel-rescue,105,0.8,0.625,0.9166666666666666,7052.87753356981,184.42204070000025,1.0,0.0,0.0,0.0,0.0,0.0,0.0,0.0,0.0,0.0,0.0,0.0,0.0,0.0,0.0,0
E3,reserve_40,LB,ER-HLNS-parallel-rescue,106,0.8,0.625,0.9166666666666666,7016.596721556572,166.61392810000007,1.0,0.0,0.0,0.0,0.0,0.0,0.0,0.0,0.0,0.0,0.0,0.0,0.0,0.0,0.0,0
E3,reserve_40,LB,ER-HLNS-parallel-rescue,107,0.95,0.875,1.0,2479.144776359102,177.7150840999998,3.0,0.0,0.0,0.0,0.0,0.0,0.0,0.0,0.0,0.0,0.0,0.0,0.0,0.0,0.0,0
E3,reserve_40,LB,ER-HLNS-parallel-rescue,108,0.65,0.625,0.6666666666666666,11710.635184226545,164.23465979999992,0.0,0.0,0.0,0.0,0.0,0.0,0.0,0.0,0.0,0.0,0.0,0.0,0.0,0.0,0.0,0
E3,reserve_40,LB,ER-HLNS-parallel-rescue,109,0.75,0.625,0.8333333333333334,7785.58642826552,169.9412339999999,2.0,0.0,0.0,0.0,0.0,0.0,0.0,0.0,0.0,0.0,0.0,0.0,0.0,0.0,0.0,0
E3,stalled_12,LB,ER-HLNS-parallel-rescue,100,0.85,0.75,0.9166666666666666,6225.222242380882,125.71987279999983,0.0,0.0,0.0,0.0,0.0,0.0,0.0,0.0,0.0,0.0,0.0,0.0,0.0,0.0,0.0,0
E3,stalled_12,LB,ER-HLNS-parallel-rescue,101,0.65,0.75,0.5833333333333334,12786.257640328418,182.2362876999996,1.0,0.0,0.0,0.0,0.0,0.0,0.0,0.0,0.0,0.0,0.0,0.0,0.0,0.0,0.0,0
E3,stalled_12,LB,ER-HLNS-parallel-rescue,102,0.7,0.375,0.9166666666666666,8455.708765966792,179.9703612000003,2.0,0.0,0.0,0.0,0.0,0.0,0.0,0.0,0.0,0.0,0.0,0.0,0.0,0.0,0.0,0
E3,stalled_12,LB,ER-HLNS-parallel-rescue,103,0.8,1.0,0.6666666666666666,9043.599988341182,180.69208119999985,1.0,0.0,0.0,0.0,0.0,0.0,0.0,0.0,0.0,0.0,0.0,0.0,0.0,0.0,0.0,0
E3,stalled_12,LB,ER-HLNS-parallel-rescue,104,0.55,0.5,0.5833333333333334,14028.0948379748,206.13345990000016,1.0,0.0,0.0,0.0,0.0,0.0,0.0,0.0,0.0,0.0,0.0,0.0,0.0,0.0,0.0,0
E3,stalled_12,LB,ER-HLNS-parallel-rescue,105,0.8,0.625,0.9166666666666666,7052.87753356981,184.99737069999992,1.0,0.0,0.0,0.0,0.0,0.0,0.0,0.0,0.0,0.0,0.0,0.0,0.0,0.0,0.0,0
E3,stalled_12,LB,ER-HLNS-parallel-rescue,106,0.8,0.625,0.9166666666666666,7016.596721556572,166.5827675999999,1.0,0.0,0.0,0.0,0.0,0.0,0.0,0.0,0.0,0.0,0.0,0.0,0.0,0.0,0.0,0
E3,stalled_12,LB,ER-HLNS-parallel-rescue,107,0.9,0.75,1.0,3271.5663359048217,185.0330783999998,3.0,0.0,0.0,0.0,0.0,0.0,0.0,0.0,0.0,0.0,0.0,0.0,0.0,0.0,0.0,0
E3,stalled_12,LB,ER-HLNS-parallel-rescue,108,0.6,0.625,0.5833333333333334,13249.286754339251,163.37647430000015,0.0,0.0,0.0,0.0,0.0,0.0,0.0,0.0,0.0,0.0,0.0,0.0,0.0,0.0,0.0,0
E3,stalled_12,LB,ER-HLNS-parallel-rescue,109,0.75,0.625,0.8333333333333334,7785.58642826552,167.44723499999964,2.0,0.0,0.0,0.0,0.0,0.0,0.0,0.0,0.0,0.0,0.0,0.0,0.0,0.0,0.0,0
E3,stalled_24,LB,ER-HLNS-parallel-rescue,100,0.85,0.75,0.9166666666666666,6237.740001369447,134.25497810000024,1.0,0.0,0.0,0.0,0.0,0.0,0.0,0.0,0.0,0.0,0.0,0.0,0.0,0.0,0.0,0
E3,stalled_24,LB,ER-HLNS-parallel-rescue,101,0.7,0.75,0.6666666666666666,11425.327810885983,179.59959670000035,1.0,0.0,0.0,0.0,0.0,0.0,0.0,0.0,0.0,0.0,0.0,0.0,0.0,0.0,0.0,0
E3,stalled_24,LB,ER-HLNS-parallel-rescue,102,0.7,0.375,0.9166666666666666,8470.923196253396,177.69635899999955,2.0,0.0,0.0,0.0,0.0,0.0,0.0,0.0,0.0,0.0,0.0,0.0,0.0,0.0,0.0,0
E3,stalled_24,LB,ER-HLNS-parallel-rescue,103,0.8,1.0,0.6666666666666666,9043.599988341182,180.57532800000035,1.0,0.0,0.0,0.0,0.0,0.0,0.0,0.0,0.0,0.0,0.0,0.0,0.0,0.0,0.0,0
E3,stalled_24,LB,ER-HLNS-parallel-rescue,104,0.6,0.625,0.5833333333333334,13263.391814804623,200.85615489999964,1.0,0.0,0.0,0.0,0.0,0.0,0.0,0.0,0.0,0.0,0.0,0.0,0.0,0.0,0.0,0
E3,stalled_24,LB,ER-HLNS-parallel-rescue,105,0.8,0.625,0.9166666666666666,7052.87753356981,181.52232830000003,1.0,0.0,0.0,0.0,0.0,0.0,0.0,0.0,0.0,0.0,0.0,0.0,0.0,0.0,0.0,0
E3,stalled_24,LB,ER-HLNS-parallel-rescue,106,0.85,0.75,0.9166666666666666,6247.21429393821,189.92281550000007,1.0,0.0,0.0,0.0,0.0,0.0,0.0,0.0,0.0,0.0,0.0,0.0,0.0,0.0,0.0,0
E3,stalled_24,LB,ER-HLNS-parallel-rescue,107,0.95,0.875,1.0,2479.144776359102,187.6304452000004,3.0,0.0,0.0,0.0,0.0,0.0,0.0,0.0,0.0,0.0,0.0,0.0,0.0,0.0,0.0,0
E3,stalled_24,LB,ER-HLNS-parallel-rescue,108,0.65,0.625,0.6666666666666666,11710.635184226545,173.82477880000033,0.0,0.0,0.0,0.0,0.0,0.0,0.0,0.0,0.0,0.0,0.0,0.0,0.0,0.0,0.0,0
E3,stalled_24,LB,ER-HLNS-parallel-rescue,109,0.75,0.625,0.8333333333333334,7785.58642826552,184.75641719999976,2.0,0.0,0.0,0.0,0.0,0.0,0.0,0.0,0.0,0.0,0.0,0.0,0.0,0.0,0.0,0
