scenario,method,seed,completed_tasks,overall_completion_rate,routine_bulk_completion_rate,time_critical_lightweight_completion_rate,pwct_seconds,weighted_service_score,runtime_seconds
L,C-ALNS,100,20,1.0,1.0,1.0,1135.84594167792,0.892286459621954,87.9236558
L,C-ALNS,101,15,0.75,1.0,0.583333333333333,10144.6848244134,0.643474873854989,91.629045
L,C-ALNS,102,17,0.85,1.0,0.75,7089.29666904582,0.721460371128438,89.4985416
L,C-ALNS,103,19,0.95,1.0,0.916666666666667,3465.21814076722,0.78951423721213,90.2445882000001
L,C-ALNS,104,19,0.95,1.0,0.916666666666667,4347.89865675875,0.703267715530951,92.5033837999999
L,C-ALNS,105,19,0.95,1.0,0.916666666666667,3615.17299053881,0.798500810442025,89.7257044999999
L,C-ALNS,106,20,1.0,1.0,1.0,1601.3153969056,0.818863843623077,91.2348116999997
L,C-ALNS,107,20,1.0,1.0,1.0,977.838186754858,0.916229020415195,90.0434899000002
L,C-ALNS,108,20,1.0,1.0,1.0,1789.52928911098,0.850012044839803,90.7322767999999
L,C-ALNS,109,19,0.95,1.0,0.916666666666667,3084.30548957819,0.8493166616732,89.3580952000002
L,DR-ALNS,100,20,1.0,1.0,1.0,1187.77973275979,0.906591243090704,70.1763217
L,DR-ALNS,101,20,1.0,1.0,1.0,2056.48762603108,0.820974665510034,77.0676448999999
L,DR-ALNS,102,17,0.85,1.0,0.75,7191.16560684045,0.70421776724061,71.5817493
L,DR-ALNS,103,19,0.95,1.0,0.916666666666667,3359.46598345079,0.802558630475275,73.6310037999999
L,DR-ALNS,104,18,0.9,1.0,0.833333333333333,5483.25990400657,0.743402337153937,76.4729831000002
L,DR-ALNS,105,19,0.95,1.0,0.916666666666667,3344.13288831435,0.829104543838088,76.6653657000002
L,DR-ALNS,106,18,0.9,1.0,0.833333333333333,5419.44922700892,0.696905215941699,72.8242743999999
L,DR-ALNS,107,20,1.0,1.0,1.0,1059.77610878658,0.899009146432034,72.234508
L,DR-ALNS,108,19,0.95,1.0,0.916666666666667,3261.66391464036,0.846238733319339,75.8969921999997
L,DR-ALNS,109,18,0.9,1.0,0.833333333333333,4955.20969436187,0.799553888228018,78.9160017999998
L,ER-HLNS,100,19,0.95,0.875,1.0,2290.7735629782,0.86148296718039,89.5738032
L,ER-HLNS,101,20,1.0,1.0,1.0,2419.95738192674,0.804429739977513,108.4085503
L,ER-HLNS,102,18,0.9,0.875,0.916666666666667,4837.5246447117,0.759881423484688,108.9759622
L,ER-HLNS,103,18,0.9,0.75,1.0,2442.74552937477,0.781662680986197,113.3258386
L,ER-HLNS,104,20,1.0,1.0,1.0,2577.53307399159,0.780052588885333,110.1458098
L,ER-HLNS,105,19,0.95,1.0,0.916666666666667,3509.9657186541,0.821367257192216,112.0531488
L,ER-HLNS,106,16,0.8,0.875,0.75,8557.87739725403,0.590425506504411,109.5955794
L,ER-HLNS,107,20,1.0,1.0,1.0,2836.49527553033,0.725026999520873,110.2300954
L,ER-HLNS,108,19,0.95,1.0,0.916666666666667,3848.47411598289,0.760271264822694,36.4944562999999
L,ER-HLNS,109,19,0.95,1.0,0.916666666666667,3342.91704319996,0.845830035532895,146.3722809
L,ER-HLNS-PR,100,19,0.95,0.875,1.0,2290.7735629782,0.86148296718039,88.8494013
L,ER-HLNS-PR,101,20,1.0,1.0,1.0,2974.69676918806,0.804429739977513,47.7040558
L,ER-HLNS-PR,102,18,0.9,0.875,0.916666666666667,4661.7146574963,0.759881423484688,109.1222892
L,ER-HLNS-PR,103,18,0.9,0.875,0.916666666666667,3957.73653598461,0.76546649350127,108.8663837
L,ER-HLNS-PR,104,19,0.95,1.0,0.916666666666667,4328.21567878003,0.762796317594299,111.8312519
L,ER-HLNS-PR,105,16,0.8,0.75,0.833333333333333,6568.8871747567,0.727406918145814,114.5427657
L,ER-HLNS-PR,106,18,0.9,0.875,0.916666666666667,5129.00580507924,0.676654429078166,112.1912296
L,ER-HLNS-PR,107,17,0.85,0.875,0.833333333333333,6484.47985611513,0.65971180074818,111.2062619
L,ER-HLNS-PR,108,20,1.0,1.0,1.0,2386.05380902768,0.757372853978901,47.8840402000001
L,ER-HLNS-PR,109,19,0.95,0.875,1.0,2398.56597904422,0.846701019885814,128.0302763
L,Greedy,100,19,0.95,1.0,0.916666666666667,3371.78925465407,0.833001291272453,58.3727934
L,Greedy,101,16,0.8,1.0,0.666666666666667,8467.42045650661,0.693034217504774,65.957329
L,Greedy,102,16,0.8,1.0,0.666666666666667,8598.73396013187,0.645522507705913,63.3531388
L,Greedy,103,19,0.95,1.0,0.916666666666667,3722.90063273001,0.747488370995531,62.4284369000001
L,Greedy,104,16,0.8,1.0,0.666666666666667,9475.05590044013,0.596550918134736,65.0804541
L,Greedy,105,18,0.9,1.0,0.833333333333333,4916.97646917635,0.790359767588077,63.2591358
L,Greedy,106,19,0.95,1.0,0.916666666666667,4488.27330758173,0.689382843206694,64.0930965000002
L,Greedy,107,19,0.95,1.0,0.916666666666667,2886.74309140115,0.85903639580776,63.2827419
L,Greedy,108,18,0.9,1.0,0.833333333333333,4979.96210199989,0.778628344400906,63.3303077
L,Greedy,109,19,0.95,1.0,0.916666666666667,3229.2858325558,0.832999471893713,14.0581817000002
L,PG,100,16,0.8,1.0,0.666666666666667,9426.01181109178,0.665044659140508,58.7764713
L,PG,101,16,0.8,1.0,0.666666666666667,9751.99963203469,0.660404842563635,65.1097583
L,PG,102,16,0.8,1.0,0.666666666666667,9619.84264952074,0.627013365011022,62.8747568
L,PG,103,16,0.8,1.0,0.666666666666667,10469.7523828305,0.588006678263851,64.4628149
L,PG,104,16,0.8,1.0,0.666666666666667,10036.6875831636,0.563340368324976,63.7027009000001
L,PG,105,18,0.9,1.0,0.833333333333333,6713.55726893745,0.72772617079202,62.1286969
L,PG,106,16,0.8,1.0,0.666666666666667,9209.12530126982,0.627540590033253,62.7637368000001
L,PG,107,20,1.0,1.0,1.0,2663.98413038121,0.780142070890689,62.4243766999998
L,PG,108,15,0.75,1.0,0.583333333333333,11492.4697707465,0.540042591636208,64.2140942999999
L,PG,109,16,0.8,1.0,0.666666666666667,10449.2777574438,0.65202321405293,62.9574517999999
LB,C-ALNS,100,16,0.8,0.75,0.833333333333333,7858.46856373654,0.493975820245824,140.1725428
LB,C-ALNS,101,9,0.45,0.875,0.166666666666667,20041.5346871787,0.301432772264126,88.9707227
LB,C-ALNS,102,9,0.45,0.375,0.5,16956.0842316133,0.270705890370024,107.5743518
LB,C-ALNS,103,15,0.75,1.0,0.583333333333333,11096.2903362027,0.443448741946201,119.1101181
LB,C-ALNS,104,11,0.55,0.75,0.416666666666667,15672.7221063063,0.342715405164241,126.4101595
LB,C-ALNS,105,14,0.7,0.75,0.666666666666667,11160.1115909553,0.376491741671129,129.9832721
LB,C-ALNS,106,13,0.65,0.75,0.583333333333333,12730.7071443807,0.329120187213515,97.0323432
LB,C-ALNS,107,15,0.75,0.75,0.75,7925.09271430286,0.583733858260471,113.0110511
LB,C-ALNS,108,15,0.75,1.0,0.583333333333333,10970.3451713732,0.393813301594602,141.0500285
LB,C-ALNS,109,15,0.75,0.875,0.666666666666667,9440.01392819007,0.556701568170247,131.5125788
LB,DR-ALNS,100,13,0.65,0.75,0.583333333333333,12779.1281472537,0.354305173760811,104.3497382
LB,DR-ALNS,101,14,0.7,1.0,0.5,12922.7059515864,0.412852279387513,38.9854741
LB,DR-ALNS,102,10,0.5,0.375,0.583333333333333,15588.2583011072,0.287859648214951,101.7717444
LB,DR-ALNS,103,16,0.8,1.0,0.666666666666667,9421.73300406977,0.446650651707095,105.874181
LB,DR-ALNS,104,12,0.6,0.75,0.5,14060.3819493894,0.355540280068412,110.3994061
LB,DR-ALNS,105,17,0.85,0.75,0.916666666666667,6317.18409362003,0.462751013964805,102.5621091
LB,DR-ALNS,106,15,0.75,0.75,0.75,9308.20266105055,0.380662495087932,104.1682639
LB,DR-ALNS,107,16,0.8,0.75,0.833333333333333,6539.48805278741,0.595804113494456,99.6360049
LB,DR-ALNS,108,14,0.7,0.875,0.583333333333333,11409.3582215941,0.374707365513962,97.0473797999998
LB,DR-ALNS,109,18,0.9,0.875,0.916666666666667,4777.85746345599,0.6904697471817,100.4447883
LB,ER-HLNS,100,16,0.8,0.75,0.833333333333333,7621.9267011865,0.594088521621558,80.798043
LB,ER-HLNS,101,13,0.65,0.875,0.5,13579.9595659703,0.481754751045069,97.1246026
LB,ER-HLNS,102,12,0.6,0.375,0.75,11926.0894888169,0.435037227173815,137.5093885
LB,ER-HLNS,103,16,0.8,1.0,0.666666666666667,9960.04801125457,0.5143912830985,144.9767581
LB,ER-HLNS,104,12,0.6,0.625,0.583333333333333,13266.6028674667,0.397243631050787,152.4736111
LB,ER-HLNS,105,15,0.75,0.5,0.916666666666667,7511.95007664109,0.470893614637034,146.7839529
LB,ER-HLNS,106,17,0.85,0.75,0.916666666666667,6890.92095279102,0.475539679185722,153.970426
LB,ER-HLNS,107,18,0.9,0.75,1.0,2877.82543029018,0.726866172102879,151.361441
LB,ER-HLNS,108,12,0.6,0.625,0.583333333333333,13534.398600404,0.366104227623903,169.4076249
LB,ER-HLNS,109,14,0.7,0.625,0.75,9508.00223539576,0.588304125724076,181.1715896
LB,ER-HLNS-PR,100,17,0.85,0.75,0.916666666666667,6237.74000136945,0.598010913483512,85.3958693
LB,ER-HLNS-PR,101,14,0.7,0.75,0.666666666666667,11425.327810886,0.475346069713237,140.0113522
LB,ER-HLNS-PR,102,14,0.7,0.375,0.916666666666667,8470.9231962534,0.457425701464323,138.2555409
LB,ER-HLNS-PR,103,16,0.8,1.0,0.666666666666667,9043.59998834118,0.509923173510035,139.9362156
LB,ER-HLNS-PR,104,12,0.6,0.625,0.583333333333333,13263.3918148046,0.371369558307473,159.1454599
LB,ER-HLNS-PR,105,16,0.8,0.625,0.916666666666667,7052.87753356981,0.496191528481749,142.4839236
LB,ER-HLNS-PR,106,16,0.8,0.625,0.916666666666667,7016.59672155657,0.422717128608194,129.8042054
LB,ER-HLNS-PR,107,19,0.95,0.875,1.0,2479.1447763591,0.735321974697637,150.0354532
LB,ER-HLNS-PR,108,13,0.65,0.625,0.666666666666667,11710.6351842265,0.367867766579217,177.9827667
LB,ER-HLNS-PR,109,15,0.75,0.625,0.833333333333333,7785.58642826552,0.625155265962063,164.4879722
LB,Greedy,100,15,0.75,0.75,0.75,9273.45036621707,0.566286239028631,70.7316941
LB,Greedy,101,10,0.5,0.5,0.5,15738.8464401604,0.344471566777679,68.5118906
LB,Greedy,102,13,0.65,0.75,0.583333333333333,12306.9497822924,0.483423428131345,76.4842468000001
LB,Greedy,103,15,0.75,1.0,0.583333333333333,11235.6246640705,0.461415757268079,72.3427595000001
LB,Greedy,104,9,0.45,0.5,0.416666666666667,16696.2843413076,0.311370685446965,70.4202226
LB,Greedy,105,13,0.65,0.75,0.583333333333333,12380.4949665762,0.472954403433335,78.2937313
LB,Greedy,106,13,0.65,0.625,0.666666666666667,11178.4877808691,0.424462803196461,58.026809
LB,Greedy,107,14,0.7,0.75,0.666666666666667,9808.55945685025,0.550373997643819,69.7787602000003
LB,Greedy,108,14,0.7,0.875,0.583333333333333,11000.8601545233,0.468070688609444,61.1120265
LB,Greedy,109,17,0.85,0.875,0.833333333333333,6517.34780862673,0.669081380343516,69.6497946999998
LB,PG,100,14,0.7,0.75,0.666666666666667,11364.196384874,0.48146125650881,78.5826423
LB,PG,101,10,0.5,0.875,0.25,18382.514537882,0.324814386057608,72.6115242
LB,PG,102,10,0.5,0.375,0.583333333333333,15507.7218271434,0.322770413770877,58.9595148
LB,PG,103,15,0.75,1.0,0.583333333333333,11367.9219564665,0.484390851298138,36.4245927000002
LB,PG,104,12,0.6,0.875,0.416666666666667,14924.8761858447,0.403024675710875,74.0975343
LB,PG,105,14,0.7,0.75,0.666666666666667,11223.5778244236,0.465674401829109,76.5480619
LB,PG,106,13,0.65,0.75,0.583333333333333,12480.2071716425,0.393155454272213,60.8753561999997
LB,PG,107,14,0.7,0.75,0.666666666666667,9895.30193057684,0.580028064756968,59.9325567999999
LB,PG,108,9,0.45,0.625,0.333333333333333,17446.2035739084,0.304917745410411,83.6476206000002
LB,PG,109,10,0.5,0.375,0.583333333333333,14879.3939852567,0.3968854798696,72.4177070999999
M,C-ALNS,100,12,1.0,1.0,1.0,922.528107726777,0.937030421752479,2.1060889
M,C-ALNS,101,12,1.0,1.0,1.0,580.804937078614,0.94146063085533,3.98232179999999
M,C-ALNS,102,12,1.0,1.0,1.0,726.917602178167,0.94500551555836,2.05428640000002
M,C-ALNS,103,12,1.0,1.0,1.0,901.174198582411,0.951477234647315,2.87748709999994
M,C-ALNS,104,12,1.0,1.0,1.0,686.709534914754,0.940725721155931,2.22246040000005
M,C-ALNS,105,12,1.0,1.0,1.0,708.640781486804,0.948899515735904,2.01437549999991
M,C-ALNS,106,12,1.0,1.0,1.0,665.779427466541,0.931603009986173,9.80243759999985
M,C-ALNS,107,12,1.0,1.0,1.0,673.580595391457,0.944804381033282,2.1188474999999
M,C-ALNS,108,12,1.0,1.0,1.0,777.318290335947,0.938136258097077,4.14398870000014
M,C-ALNS,109,12,1.0,1.0,1.0,1093.61021564336,0.91485378746395,9.96574640000017
M,DR-ALNS,100,12,1.0,1.0,1.0,1096.94421569573,0.934320570689401,2.7347591
M,DR-ALNS,101,12,1.0,1.0,1.0,601.495555130805,0.94084082931293,2.13179109999999
M,DR-ALNS,102,12,1.0,1.0,1.0,731.980486878286,0.944506019645834,2.4131331000001
M,DR-ALNS,103,12,1.0,1.0,1.0,815.575109594907,0.951071291195516,2.69115520000003
M,DR-ALNS,104,12,1.0,1.0,1.0,844.409794107162,0.924689287051229,2.97656729999994
M,DR-ALNS,105,12,1.0,1.0,1.0,738.356351396155,0.940339390614813,1.9888676999999
M,DR-ALNS,106,12,1.0,1.0,1.0,661.303266992946,0.935024396365661,1.92474530000027
M,DR-ALNS,107,12,1.0,1.0,1.0,679.977528908458,0.942985060115335,2.36332159999984
M,DR-ALNS,108,12,1.0,1.0,1.0,694.577197346418,0.95479324809099,8.05638450000015
M,DR-ALNS,109,12,1.0,1.0,1.0,1004.12797581599,0.939818797115584,8.36416660000032
M,ER-HLNS,100,12,1.0,1.0,1.0,1232.89562209586,0.942547274702578,2.3266353
M,ER-HLNS,101,12,1.0,1.0,1.0,920.659605039759,0.935001660012576,3.90734999999999
M,ER-HLNS,102,12,1.0,1.0,1.0,885.509965211679,0.93977926475379,4.23274759999998
M,ER-HLNS,103,12,1.0,1.0,1.0,971.113932380653,0.952410263486429,3.15299200000004
M,ER-HLNS,104,12,1.0,1.0,1.0,689.7576315685,0.941899631033303,3.52410709999998
M,ER-HLNS,105,12,1.0,1.0,1.0,886.723195927728,0.944083668792865,4.19955500000003
M,ER-HLNS,106,12,1.0,1.0,1.0,913.417968098217,0.918560415633663,4.20581449999997
M,ER-HLNS,107,12,1.0,1.0,1.0,891.274820662666,0.933996655359619,2.59836129999997
M,ER-HLNS,108,12,1.0,1.0,1.0,951.05610002676,0.948559712601903,3.95175210000002
M,ER-HLNS,109,12,1.0,1.0,1.0,1055.17713947684,0.939404361181809,4.01124000000004
M,ER-HLNS-PR,100,12,1.0,1.0,1.0,1232.89562209586,0.942547274702578,2.3271257
M,ER-HLNS-PR,101,12,1.0,1.0,1.0,893.213974736135,0.935001660012576,3.89413039999999
M,ER-HLNS-PR,102,12,1.0,1.0,1.0,908.229203373031,0.93977926475379,4.10205829999998
M,ER-HLNS-PR,103,12,1.0,1.0,1.0,920.30643944686,0.952410263486429,3.47129719999998
M,ER-HLNS-PR,104,12,1.0,1.0,1.0,774.176733391073,0.943466077860463,3.19993499999998
M,ER-HLNS-PR,105,12,1.0,1.0,1.0,871.076346592694,0.944083668792865,4.07051259999992
M,ER-HLNS-PR,106,12,1.0,1.0,1.0,913.417968098217,0.918560415633663,3.93207949999999
M,ER-HLNS-PR,107,12,1.0,1.0,1.0,873.68573728918,0.933996655359619,2.81093680000004
M,ER-HLNS-PR,108,12,1.0,1.0,1.0,988.244302706319,0.948559712601903,4.22482170000001
M,ER-HLNS-PR,109,12,1.0,1.0,1.0,1055.17713947684,0.939404361181809,4.21182700000008
M,Greedy,100,12,1.0,1.0,1.0,1113.53422925371,0.934762991919934,4.7117404
M,Greedy,101,12,1.0,1.0,1.0,525.465943999992,0.95495210030308,1.10481540000001
M,Greedy,102,12,1.0,1.0,1.0,701.077830918283,0.944085129508584,1.09778570000003
M,Greedy,103,12,1.0,1.0,1.0,855.361455199298,0.945377550549366,2.17374670000004
M,Greedy,104,12,1.0,1.0,1.0,748.187774428589,0.944315006831885,1.66563130000009
M,Greedy,105,12,1.0,1.0,1.0,748.166119672233,0.946860041176302,1.41443700000013
M,Greedy,106,12,1.0,1.0,1.0,838.060770857828,0.90352359714193,6.05354639999996
M,Greedy,107,12,1.0,1.0,1.0,805.22395447734,0.933906065895857,1.4099984999998
M,Greedy,108,12,1.0,1.0,1.0,948.947224325116,0.946000068894383,1.56295569999975
M,Greedy,109,12,1.0,1.0,1.0,1055.98554543727,0.932565013305574,5.99965640000028
M,PG,100,12,1.0,1.0,1.0,1443.17296750969,0.91632806018375,1.9321665
M,PG,101,12,1.0,1.0,1.0,830.287673322792,0.934451831603624,1.7527685
M,PG,102,12,1.0,1.0,1.0,1503.97841929888,0.857585346068639,2.30620699999997
M,PG,103,11,0.916666666666667,1.0,0.833333333333333,3077.67231890915,0.843439840310097,4.13484170000004
M,PG,104,12,1.0,1.0,1.0,925.163097671887,0.916729850900748,2.04719820000014
M,PG,105,12,1.0,1.0,1.0,1407.16201819263,0.925798482375651,2.25210820000007
M,PG,106,10,0.833333333333333,1.0,0.666666666666667,4669.91977556743,0.703719870911267,6.13501410000026
M,PG,107,12,1.0,1.0,1.0,1269.35648623258,0.912666317633902,1.96627290000015
M,PG,108,12,1.0,1.0,1.0,1458.01223085915,0.905782721751242,2.29621120000002
M,PG,109,12,1.0,1.0,1.0,1481.92013485289,0.91898155190092,2.34045920000017
MB,C-ALNS,100,9,0.75,1.0,0.5,5899.38513637487,0.418753088601504,5.5700654
MB,C-ALNS,101,10,0.833333333333333,1.0,0.666666666666667,3562.6515954087,0.621060365338634,6.47443200000001
MB,C-ALNS,102,11,0.916666666666667,1.0,0.833333333333333,2165.77468362437,0.756643474752346,5.56756140000005
MB,C-ALNS,103,11,0.916666666666667,1.0,0.833333333333333,3545.85432564495,0.534109875602637,6.4626409
MB,C-ALNS,104,9,0.75,1.0,0.5,4999.60809946635,0.497907972048346,6.19152830000007
MB,C-ALNS,105,11,0.916666666666667,1.0,0.833333333333333,2466.62673204424,0.751117571060774,5.4829557999999
MB,C-ALNS,106,11,0.916666666666667,1.0,0.833333333333333,2738.27331696163,0.656870157563319,5.13310890000002
MB,C-ALNS,107,11,0.916666666666667,1.0,0.833333333333333,2774.04319586943,0.697243964492027,4.72732399999995
MB,C-ALNS,108,10,0.833333333333333,1.0,0.666666666666667,3818.68581448817,0.614776732011082,5.7574010999997
MB,C-ALNS,109,10,0.833333333333333,1.0,0.666666666666667,4171.43811976077,0.525083976500062,5.67927269999973
MB,DR-ALNS,100,9,0.75,1.0,0.5,5508.23415402086,0.456896521647303,5.3590368
MB,DR-ALNS,101,10,0.833333333333333,1.0,0.666666666666667,3641.98559919385,0.580629399927743,6.0205028
MB,DR-ALNS,102,12,1.0,1.0,1.0,1504.69536577559,0.756598009056707,4.58048669999994
MB,DR-ALNS,103,11,0.916666666666667,1.0,0.833333333333333,3479.13735630559,0.555550637088228,6.58282359999998
MB,DR-ALNS,104,9,0.75,1.0,0.5,5080.5600346205,0.496891601553423,5.94077719999996
MB,DR-ALNS,105,11,0.916666666666667,1.0,0.833333333333333,2392.62598085056,0.752734780844712,5.09535510000001
MB,DR-ALNS,106,11,0.916666666666667,1.0,0.833333333333333,2861.39431515432,0.651235548017104,5.54525660000036
MB,DR-ALNS,107,11,0.916666666666667,1.0,0.833333333333333,2948.46618074967,0.601402477343235,6.14571269999988
MB,DR-ALNS,108,10,0.833333333333333,1.0,0.666666666666667,3666.99528992443,0.642976462614214,6.23558599999978
MB,DR-ALNS,109,10,0.833333333333333,1.0,0.666666666666667,4377.83920510312,0.491853560969649,6.03944150000007
MB,ER-HLNS,100,11,0.916666666666667,1.0,0.833333333333333,3024.65751418254,0.790125038342253,3.8466284
MB,ER-HLNS,101,11,0.916666666666667,1.0,0.833333333333333,3316.59947967082,0.717113549994573,9.42450839999999
MB,ER-HLNS,102,11,0.916666666666667,1.0,0.833333333333333,2413.59935835832,0.780097193487875,7.55995279999999
MB,ER-HLNS,103,10,0.833333333333333,1.0,0.666666666666667,3826.32351635407,0.724663016256605,7.93000710000001
MB,ER-HLNS,104,10,0.833333333333333,1.0,0.666666666666667,4134.7024121871,0.684980109806579,9.49936939999998
MB,ER-HLNS,105,12,1.0,1.0,1.0,1823.56527986458,0.822218358115547,6.46274219999998
MB,ER-HLNS,106,10,0.833333333333333,1.0,0.666666666666667,4366.50603279273,0.615207080373839,7.17437669999993
MB,ER-HLNS,107,12,1.0,1.0,1.0,1749.57201321682,0.81374478657349,6.36498169999993
MB,ER-HLNS,108,10,0.833333333333333,1.0,0.666666666666667,3332.64527850017,0.727764510767158,7.09875210000018
MB,ER-HLNS,109,10,0.833333333333333,1.0,0.666666666666667,4848.44270072205,0.659432838326815,13.7452175000001
MB,ER-HLNS-PR,100,11,0.916666666666667,1.0,0.833333333333333,3024.6272075027,0.790125038342253,3.8383551
MB,ER-HLNS-PR,101,11,0.916666666666667,1.0,0.833333333333333,3316.59947967082,0.717113549994573,9.341898
MB,ER-HLNS-PR,102,11,0.916666666666667,1.0,0.833333333333333,2398.80706747845,0.779287576624103,7.48460409999998
MB,ER-HLNS-PR,103,10,0.833333333333333,1.0,0.666666666666667,3683.85571866921,0.724663016256605,7.59167409999998
MB,ER-HLNS-PR,104,10,0.833333333333333,1.0,0.666666666666667,3721.60831671732,0.684510737024368,7.48733110000001
MB,ER-HLNS-PR,105,12,1.0,1.0,1.0,1686.43957379923,0.825608531392432,6.21516740000004
MB,ER-HLNS-PR,106,12,1.0,1.0,1.0,2314.08414285713,0.67106683268429,6.44015560000003
MB,ER-HLNS-PR,107,12,1.0,1.0,1.0,1749.57201321682,0.81374478657349,6.55633710000006
MB,ER-HLNS-PR,108,10,0.833333333333333,1.0,0.666666666666667,3255.80341715096,0.732039246725371,7.69401870000002
MB,ER-HLNS-PR,109,10,0.833333333333333,1.0,0.666666666666667,4680.44645218565,0.683289201101385,13.6922810000001
MB,Greedy,100,10,0.833333333333333,1.0,0.666666666666667,4112.85005302149,0.60762974727108,2.8473697
MB,Greedy,101,10,0.833333333333333,1.0,0.666666666666667,3409.74131786262,0.65202794016728,3.72316529999998
MB,Greedy,102,11,0.916666666666667,1.0,0.833333333333333,2098.48888552145,0.772763844841731,3.52122509999992
MB,Greedy,103,11,0.916666666666667,1.0,0.833333333333333,2355.57278948683,0.798631505174689,3.77267690000008
MB,Greedy,104,10,0.833333333333333,1.0,0.666666666666667,3663.70877123218,0.644693945852187,3.54660829999989
MB,Greedy,105,11,0.916666666666667,1.0,0.833333333333333,2405.09480148056,0.749531109025571,3.21421060000011
MB,Greedy,106,11,0.916666666666667,1.0,0.833333333333333,2698.32831246512,0.663967495040962,3.35894289999987
MB,Greedy,107,11,0.916666666666667,1.0,0.833333333333333,2273.69064309755,0.75208913273028,3.43374200000017
MB,Greedy,108,10,0.833333333333333,1.0,0.666666666666667,3681.85165750424,0.69252031956207,4.41604600000028
MB,Greedy,109,10,0.833333333333333,1.0,0.666666666666667,4240.26437205409,0.617135869794682,3.51690829999961
MB,PG,100,10,0.833333333333333,1.0,0.666666666666667,4498.05166740694,0.582905184886316,2.9354222
MB,PG,101,10,0.833333333333333,1.0,0.666666666666667,3742.74825445584,0.690312648636302,3.82201570000001
MB,PG,102,10,0.833333333333333,1.0,0.666666666666667,3645.46160334606,0.679666758786427,3.68372529999999
MB,PG,103,11,0.916666666666667,1.0,0.833333333333333,2740.0658079609,0.760853731135,3.80628920000004
MB,PG,104,10,0.833333333333333,1.0,0.666666666666667,3719.10610006998,0.658305498178771,3.4243676000001
MB,PG,105,10,0.833333333333333,1.0,0.666666666666667,3840.73552591176,0.684242860885303,3.41491909999991
MB,PG,106,11,0.916666666666667,1.0,0.833333333333333,3065.47376281151,0.675005273483853,3.41412410000021
MB,PG,107,11,0.916666666666667,1.0,0.833333333333333,2672.37520464166,0.727408372073792,3.64244529999996
MB,PG,108,10,0.833333333333333,1.0,0.666666666666667,3770.91651790919,0.657142884933025,6.56345450000026
MB,PG,109,9,0.75,1.0,0.5,5299.05362624735,0.594556393729117,4.6004812000001
RB,C-ALNS,100,20,1.0,1.0,1.0,1515.14925373134,0.870697873134328,342.3478458
RB,C-ALNS,101,20,1.0,1.0,1.0,1435.37313432836,0.878184850746268,66.5090014
RB,C-ALNS,102,20,1.0,1.0,1.0,1518.35820895522,0.870090820895522,322.0884893
RB,C-ALNS,103,20,1.0,1.0,1.0,1659.32835820896,0.85531921641791,331.1641068
RB,C-ALNS,104,19,0.95,0.875,1.0,2596.19402985075,0.865533917910447,328.2156741
RB,C-ALNS,105,20,1.0,1.0,1.0,1314.25373134328,0.884457723880596,323.5812321
RB,C-ALNS,106,20,1.0,1.0,1.0,1404.02985074627,0.877375447761193,336.42815
RB,C-ALNS,107,17,0.85,0.75,0.916666666666667,6929.70149253731,0.785807835820895,348.1663568
RB,C-ALNS,108,20,1.0,1.0,1.0,1327.98507462687,0.879601305970149,338.2815346
RB,C-ALNS,109,20,1.0,1.0,1.0,1400.89552238806,0.889111791044775,290.5317841
RB,DR-ALNS,100,20,1.0,1.0,1.0,1610.89552238806,0.879803656716417,283.3428904
RB,DR-ALNS,101,20,1.0,1.0,1.0,1646.26865671642,0.87778014925373,272.6785542
RB,DR-ALNS,102,19,0.95,1.0,0.916666666666667,4547.01492537314,0.840652910447761,285.5463213
RB,DR-ALNS,103,20,1.0,1.0,1.0,1821.64179104478,0.840952313432835,282.3629289
RB,DR-ALNS,104,19,0.95,0.875,1.0,2918.9552238806,0.864522164179104,288.2402694
RB,DR-ALNS,105,20,1.0,1.0,1.0,1554.40298507463,0.858152126865671,62.6208666000002
RB,DR-ALNS,106,20,1.0,1.0,1.0,1617.61194029851,0.872923731343283,287.8155865
RB,DR-ALNS,107,19,0.95,0.875,1.0,2911.0447761194,0.840644776119402,284.8122562
RB,DR-ALNS,108,20,1.0,1.0,1.0,1380.74626865672,0.882231865671641,275.9828018
RB,DR-ALNS,109,20,1.0,1.0,1.0,1551.94029850746,0.889111791044775,247.7159518
RB,ER-HLNS,100,20,1.0,1.0,1.0,1948.88059701493,0.879601305970148,94.4508913
RB,ER-HLNS,101,20,1.0,1.0,1.0,1746.79104477612,0.882029514925372,96.3402673
RB,ER-HLNS,102,20,1.0,1.0,1.0,1610.89552238806,0.883041268656716,82.0854231
RB,ER-HLNS,103,20,1.0,1.0,1.0,1588.4328358209,0.858152126865671,76.1558626
RB,ER-HLNS,104,18,0.9,0.875,0.916666666666667,5843.65671641791,0.796435261194029,429.6371712
RB,ER-HLNS,105,20,1.0,1.0,1.0,1542.83582089552,0.883041268656716,81.9487573
RB,ER-HLNS,106,20,1.0,1.0,1.0,1704.02985074627,0.883041268656716,128.3714779
RB,ER-HLNS,107,18,0.9,0.75,1.0,4267.61194029851,0.823339776119402,334.3740518
RB,ER-HLNS,108,20,1.0,1.0,1.0,1656.64179104478,0.883648320895521,141.4355682
RB,ER-HLNS,109,20,1.0,1.0,1.0,1766.41791044776,0.882231865671641,124.5446202
RB,ER-HLNS-PR,100,20,1.0,1.0,1.0,1819.92537313433,0.879601305970148,105.9806831
RB,ER-HLNS-PR,101,20,1.0,1.0,1.0,1751.5671641791,0.882029514925372,85.5206116
RB,ER-HLNS-PR,102,20,1.0,1.0,1.0,1507.01492537313,0.886278880597014,73.720663
RB,ER-HLNS-PR,103,19,0.95,1.0,0.916666666666667,4658.50746268657,0.803825074626865,425.0636077
RB,ER-HLNS-PR,104,19,0.95,0.875,1.0,3386.34328358209,0.769214962686566,444.3855413
RB,ER-HLNS-PR,105,20,1.0,1.0,1.0,1611.49253731343,0.886278880597014,77.6091369000001
RB,ER-HLNS-PR,106,20,1.0,1.0,1.0,1653.88059701493,0.886278880597014,98.2510781
RB,ER-HLNS-PR,107,18,0.9,0.75,1.0,4231.79104477612,0.826577388059701,314.7170341
RB,ER-HLNS-PR,108,20,1.0,1.0,1.0,1744.62686567164,0.886278880597014,124.9766204
RB,ER-HLNS-PR,109,20,1.0,1.0,1.0,1579.85074626866,0.886278880597014,99.3788015
RB,Greedy,100,18,0.9,1.0,0.833333333333333,7938.65671641791,0.74322514925373,63.8879069
RB,Greedy,101,19,0.95,1.0,0.916666666666667,4990.37313432836,0.7667948880597,49.0824268
RB,Greedy,102,17,0.85,1.0,0.75,11021.2686567164,0.727749440298507,264.9038619
RB,Greedy,103,16,0.8,1.0,0.666666666666667,13909.6268656716,0.686979888059701,256.9517661
RB,Greedy,104,15,0.75,0.875,0.666666666666667,15075.0,0.657129141791044,147.3058293
RB,Greedy,105,16,0.8,1.0,0.666666666666667,13771.4925373134,0.685968134328358,259.910203
RB,Greedy,106,17,0.85,1.0,0.75,11197.2388059701,0.724916529850746,274.9475529
RB,Greedy,107,17,0.85,0.875,0.833333333333333,9401.94029850746,0.732800074626865,268.7136252
RB,Greedy,108,17,0.85,1.0,0.75,10934.776119403,0.725928283582089,256.8517174
RB,Greedy,109,17,0.85,1.0,0.75,10627.0895522388,0.728154141791044,241.3437077
RB,PG,100,15,0.75,1.0,0.583333333333333,17131.0447761194,0.573566417910447,255.6137196
RB,PG,101,15,0.75,1.0,0.583333333333333,17993.8805970149,0.553736044776119,255.8606958
RB,PG,102,15,0.75,1.0,0.583333333333333,17901.1194029851,0.546249067164178,273.1507451
RB,PG,103,13,0.65,1.0,0.416666666666667,23740.223880597,0.523796380597015,271.7947663
RB,PG,104,13,0.65,0.875,0.5,21542.1641791045,0.519741231343283,274.0045062
RB,PG,105,14,0.7,1.0,0.5,20574.4029850746,0.5285475,264.3955082
RB,PG,106,14,0.7,1.0,0.5,20975.671641791,0.542914402985074,289.4358435
RB,PG,107,13,0.65,0.75,0.583333333333333,20157.3134328358,0.494439253731343,286.7569262
RB,PG,108,14,0.7,1.0,0.5,20975.5970149254,0.54959197761194,274.5572088
RB,PG,109,14,0.7,1.0,0.5,20176.1940298507,0.541497947761194,247.1605711
