contrast,metric,difference,n_pairs,target_mean,baseline_mean,paired_mean_difference,paired_sd_difference,bootstrap_interval_method,bootstrap_interval_95_low,bootstrap_interval_95_high,exact_two_sided_sign_flip_p,wins,ties,losses,better_direction
E4_suffix_local_minus_global_reauction,overall_completion,target_minus_baseline,10,0.76,0.765,-0.0050000000000000044,0.059860949986893244,paired_seed_percentile_bootstrap_10000,-0.04000000000000002,0.030000000000000006,1.0,2,6,2,higher
E5_ER_HLNS_minus_equal_budget_C_ALNS,overall_completion,target_minus_baseline,10,0.76,0.685,0.075,0.12527746981977422,paired_seed_percentile_bootstrap_10000,1.6653345369377347e-17,0.145,0.12109375,7,1,2,higher
E6_ER_HLNS_minus_C_ALNS_conditional_truck_TC,overall_completion,target_minus_baseline,10,0.775,0.675,0.1,0.14529663145135574,paired_seed_percentile_bootstrap_10000,0.020000000000000028,0.19000000000000003,0.0703125,6,2,2,higher
E6_ER_HLNS_conditional_minus_strict_TC_eligibility,overall_completion,target_minus_baseline,10,0.775,0.76,0.015000000000000003,0.05797509043642026,paired_seed_percentile_bootstrap_10000,-0.01499999999999998,0.05499999999999999,0.6875,3,5,2,higher
E7_ER_HLNS_minus_C_ALNS_beta_0.16,overall_completion,target_minus_baseline,10,0.755,0.72,0.03500000000000002,0.15284342024147166,paired_seed_percentile_bootstrap_10000,-0.05499999999999997,0.125,0.54296875,5,1,4,higher
E7_ER_HLNS_minus_C_ALNS_beta_0.22,overall_completion,target_minus_baseline,10,0.76,0.7,0.06000000000000001,0.1429840705968481,paired_seed_percentile_bootstrap_10000,-0.024999999999999974,0.13999999999999999,0.25,6,2,2,higher
E7_ER_HLNS_minus_C_ALNS_beta_0.28,overall_completion,target_minus_baseline,10,0.685,0.66,0.025000000000000005,0.13176156917368245,paired_seed_percentile_bootstrap_10000,-0.05499999999999998,0.09999999999999998,0.6328125,6,1,3,higher
E7_C-ALNS-MP_beta_0.16_minus_0.22,overall_completion,target_minus_baseline,10,0.72,0.7,0.01999999999999999,0.04216370213557836,paired_seed_percentile_bootstrap_10000,-0.004999999999999988,0.04499999999999998,0.3125,4,5,1,higher
E7_C-ALNS-MP_beta_0.28_minus_0.22,overall_completion,target_minus_baseline,10,0.66,0.7,-0.03999999999999998,0.03944053188733076,paired_seed_percentile_bootstrap_10000,-0.06499999999999997,-0.019999999999999973,0.03125,0,4,6,higher
E7_ER-HLNS-parallel-rescue_beta_0.16_minus_0.22,overall_completion,target_minus_baseline,10,0.755,0.76,-0.0050000000000000044,0.03689323936863109,paired_seed_percentile_bootstrap_10000,-0.025000000000000012,0.015000000000000003,1.0,2,5,3,higher
E7_ER-HLNS-parallel-rescue_beta_0.28_minus_0.22,overall_completion,target_minus_baseline,10,0.685,0.76,-0.07499999999999998,0.06770032003863301,paired_seed_percentile_bootstrap_10000,-0.11499999999999999,-0.034999999999999996,0.015625,0,3,7,higher
E4_suffix_local_minus_global_reauction,routine_completion,target_minus_baseline,10,0.6875,0.6875,0.0,0.05892556509887896,paired_seed_percentile_bootstrap_10000,-0.0375,0.0375,1.0,1,8,1,higher
E5_ER_HLNS_minus_equal_budget_C_ALNS,routine_completion,target_minus_baseline,10,0.6875,0.775,-0.0875,0.10290907529357057,paired_seed_percentile_bootstrap_10000,-0.15,-0.0375,0.0625,0,5,5,higher
E6_ER_HLNS_minus_C_ALNS_conditional_truck_TC,routine_completion,target_minus_baseline,10,0.675,0.775,-0.1,0.12909944487358058,paired_seed_percentile_bootstrap_10000,-0.1875,-0.0375,0.0625,0,5,5,higher
E6_ER_HLNS_conditional_minus_strict_TC_eligibility,routine_completion,target_minus_baseline,10,0.675,0.6875,-0.0125,0.07095577652469334,paired_seed_percentile_bootstrap_10000,-0.05,0.025,1.0,1,7,2,higher
E7_ER_HLNS_minus_C_ALNS_beta_0.16,routine_completion,target_minus_baseline,10,0.65,0.8,-0.15,0.12909944487358055,paired_seed_percentile_bootstrap_10000,-0.225,-0.075,0.015625,0,3,7,higher
E7_ER_HLNS_minus_C_ALNS_beta_0.22,routine_completion,target_minus_baseline,10,0.6875,0.8125,-0.125,0.13176156917368248,paired_seed_percentile_bootstrap_10000,-0.2,-0.05,0.03125,0,4,6,higher
E7_ER_HLNS_minus_C_ALNS_beta_0.28,routine_completion,target_minus_baseline,10,0.675,0.8125,-0.1375,0.1496523749672331,paired_seed_percentile_bootstrap_10000,-0.225,-0.05,0.03125,0,4,6,higher
E7_C-ALNS-MP_beta_0.16_minus_0.22,routine_completion,target_minus_baseline,10,0.8,0.8125,-0.0125,0.03952847075210474,paired_seed_percentile_bootstrap_10000,-0.0375,0.0,1.0,0,9,1,higher
E7_C-ALNS-MP_beta_0.28_minus_0.22,routine_completion,target_minus_baseline,10,0.8125,0.8125,0.0,0.0,paired_seed_percentile_bootstrap_10000,0.0,0.0,1.0,0,10,0,higher
E7_ER-HLNS-parallel-rescue_beta_0.16_minus_0.22,routine_completion,target_minus_baseline,10,0.65,0.6875,-0.0375,0.06038073644245599,paired_seed_percentile_bootstrap_10000,-0.075,0.0,0.25,0,7,3,higher
E7_ER-HLNS-parallel-rescue_beta_0.28_minus_0.22,routine_completion,target_minus_baseline,10,0.675,0.6875,-0.0125,0.03952847075210474,paired_seed_percentile_bootstrap_10000,-0.0375,0.0,1.0,0,9,1,higher
E4_suffix_local_minus_global_reauction,tc_completion,target_minus_baseline,10,0.8083333333333333,0.8166666666666667,-0.00833333333333336,0.1072236614756599,paired_seed_percentile_bootstrap_10000,-0.07500000000000002,0.04999999999999999,1.0,3,4,3,higher
E5_ER_HLNS_minus_equal_budget_C_ALNS,tc_completion,target_minus_baseline,10,0.8083333333333333,0.625,0.18333333333333332,0.18757714462371256,paired_seed_percentile_bootstrap_10000,0.075,0.2916666666666667,0.01953125,8,1,1,higher
E6_ER_HLNS_minus_C_ALNS_conditional_truck_TC,tc_completion,target_minus_baseline,10,0.8416666666666667,0.6083333333333334,0.23333333333333334,0.2033667246413681,paired_seed_percentile_bootstrap_10000,0.12499999999999999,0.35833333333333334,0.0078125,8,2,0,higher
E6_ER_HLNS_conditional_minus_strict_TC_eligibility,tc_completion,target_minus_baseline,10,0.8416666666666667,0.8083333333333333,0.03333333333333335,0.05826715823167511,paired_seed_percentile_bootstrap_10000,0.0,0.07500000000000004,0.25,3,7,0,higher
E7_ER_HLNS_minus_C_ALNS_beta_0.16,tc_completion,target_minus_baseline,10,0.825,0.6666666666666666,0.15833333333333333,0.22030422287664833,paired_seed_percentile_bootstrap_10000,0.033333333333333326,0.2833333333333333,0.0703125,6,2,2,higher
E7_ER_HLNS_minus_C_ALNS_beta_0.22,tc_completion,target_minus_baseline,10,0.8083333333333333,0.625,0.18333333333333332,0.2071261320256361,paired_seed_percentile_bootstrap_10000,0.058333333333333334,0.3083333333333333,0.03125,7,2,1,higher
E7_ER_HLNS_minus_C_ALNS_beta_0.28,tc_completion,target_minus_baseline,10,0.6916666666666667,0.5583333333333333,0.13333333333333333,0.16292086998461308,paired_seed_percentile_bootstrap_10000,0.03333333333333334,0.22499999999999998,0.046875,7,2,1,higher
E7_C-ALNS-MP_beta_0.16_minus_0.22,tc_completion,target_minus_baseline,10,0.6666666666666666,0.625,0.04166666666666666,0.058925565098878946,paired_seed_percentile_bootstrap_10000,0.008333333333333331,0.075,0.125,4,6,0,higher
E7_C-ALNS-MP_beta_0.28_minus_0.22,tc_completion,target_minus_baseline,10,0.5583333333333333,0.625,-0.06666666666666667,0.06573421981221796,paired_seed_percentile_bootstrap_10000,-0.10833333333333334,-0.03333333333333331,0.03125,0,4,6,higher
E7_ER-HLNS-parallel-rescue_beta_0.16_minus_0.22,tc_completion,target_minus_baseline,10,0.825,0.8083333333333333,0.016666666666666673,0.03513641844631534,paired_seed_percentile_bootstrap_10000,0.0,0.041666666666666685,0.5,2,8,0,higher
E7_ER-HLNS-parallel-rescue_beta_0.28_minus_0.22,tc_completion,target_minus_baseline,10,0.6916666666666667,0.8083333333333333,-0.11666666666666665,0.11915339216404008,paired_seed_percentile_bootstrap_10000,-0.19166666666666665,-0.049999999999999996,0.03125,0,4,6,higher
E4_suffix_local_minus_global_reauction,tc_on_time_completion,target_minus_baseline,10,0.8083333333333333,0.8166666666666667,-0.00833333333333336,0.1072236614756599,paired_seed_percentile_bootstrap_10000,-0.075,0.049999999999999975,1.0,3,4,3,higher
E5_ER_HLNS_minus_equal_budget_C_ALNS,tc_on_time_completion,target_minus_baseline,10,0.8083333333333333,0.625,0.18333333333333332,0.18757714462371256,paired_seed_percentile_bootstrap_10000,0.075,0.3,0.01953125,8,1,1,higher
E6_ER_HLNS_minus_C_ALNS_conditional_truck_TC,tc_on_time_completion,target_minus_baseline,10,0.8416666666666667,0.6083333333333334,0.23333333333333334,0.2033667246413681,paired_seed_percentile_bootstrap_10000,0.12499999999999999,0.35833333333333334,0.0078125,8,2,0,higher
E6_ER_HLNS_conditional_minus_strict_TC_eligibility,tc_on_time_completion,target_minus_baseline,10,0.8416666666666667,0.8083333333333333,0.03333333333333335,0.05826715823167511,paired_seed_percentile_bootstrap_10000,0.0,0.07500000000000004,0.25,3,7,0,higher
E7_ER_HLNS_minus_C_ALNS_beta_0.16,tc_on_time_completion,target_minus_baseline,10,0.825,0.6666666666666666,0.15833333333333333,0.22030422287664833,paired_seed_percentile_bootstrap_10000,0.033333333333333326,0.2833333333333333,0.0703125,6,2,2,higher
E7_ER_HLNS_minus_C_ALNS_beta_0.22,tc_on_time_completion,target_minus_baseline,10,0.8083333333333333,0.625,0.18333333333333332,0.2071261320256361,paired_seed_percentile_bootstrap_10000,0.058333333333333334,0.3,0.03125,7,2,1,higher
E7_ER_HLNS_minus_C_ALNS_beta_0.28,tc_on_time_completion,target_minus_baseline,10,0.6916666666666667,0.5583333333333333,0.13333333333333333,0.16292086998461308,paired_seed_percentile_bootstrap_10000,0.03333333333333334,0.22499999999999998,0.046875,7,2,1,higher
E7_C-ALNS-MP_beta_0.16_minus_0.22,tc_on_time_completion,target_minus_baseline,10,0.6666666666666666,0.625,0.04166666666666666,0.058925565098878946,paired_seed_percentile_bootstrap_10000,0.008333333333333331,0.07499999999999998,0.125,4,6,0,higher
E7_C-ALNS-MP_beta_0.28_minus_0.22,tc_on_time_completion,target_minus_baseline,10,0.5583333333333333,0.625,-0.06666666666666667,0.06573421981221796,paired_seed_percentile_bootstrap_10000,-0.10833333333333334,-0.03333333333333331,0.03125,0,4,6,higher
E7_ER-HLNS-parallel-rescue_beta_0.16_minus_0.22,tc_on_time_completion,target_minus_baseline,10,0.825,0.8083333333333333,0.016666666666666673,0.03513641844631534,paired_seed_percentile_bootstrap_10000,0.0,0.041666666666666685,0.5,2,8,0,higher
E7_ER-HLNS-parallel-rescue_beta_0.28_minus_0.22,tc_on_time_completion,target_minus_baseline,10,0.6916666666666667,0.8083333333333333,-0.11666666666666665,0.11915339216404008,paired_seed_percentile_bootstrap_10000,-0.19166666666666665,-0.04999999999999999,0.03125,0,4,6,higher
E4_suffix_local_minus_global_reauction,pwct_seconds,target_minus_baseline,10,8448.582345563218,8238.018418362979,210.56392720024027,2023.8712622130358,paired_seed_percentile_bootstrap_10000,-984.4530256033912,1399.1445831788749,0.76171875,4,1,5,lower
E5_ER_HLNS_minus_equal_budget_C_ALNS,pwct_seconds,target_minus_baseline,10,8448.582345563218,11532.790647783437,-3084.208302220219,3787.668606964922,paired_seed_percentile_bootstrap_10000,-5325.803815851669,-927.0909057517192,0.033203125,7,0,3,lower
E6_ER_HLNS_minus_C_ALNS_conditional_truck_TC,pwct_seconds,target_minus_baseline,10,8019.003775004166,11769.554951759072,-3750.551176754906,4368.6295490402035,paired_seed_percentile_bootstrap_10000,-6496.420597142515,-1360.00714370262,0.02734375,7,0,3,lower
E6_ER_HLNS_conditional_minus_strict_TC_eligibility,pwct_seconds,target_minus_baseline,10,8019.003775004166,8448.582345563218,-429.5785705590528,1484.7880414787517,paired_seed_percentile_bootstrap_10000,-1397.2126919880022,328.0117585776587,0.474609375,4,0,6,lower
E7_ER_HLNS_minus_C_ALNS_beta_0.16,pwct_seconds,target_minus_baseline,10,8355.388196955935,10540.30402407781,-2184.9158271218766,4530.380641227443,paired_seed_percentile_bootstrap_10000,-4853.896609616746,444.1589910302022,0.162109375,7,0,3,lower
E7_ER_HLNS_minus_C_ALNS_beta_0.22,pwct_seconds,target_minus_baseline,10,8448.582345563218,11274.624050301834,-2826.0417047386168,4191.741203978945,paired_seed_percentile_bootstrap_10000,-5243.928505522149,-267.61369848338035,0.068359375,8,0,2,lower
E7_ER_HLNS_minus_C_ALNS_beta_0.28,pwct_seconds,target_minus_baseline,10,10649.149188016141,12505.397388852503,-1856.248200836364,3749.262496077516,paired_seed_percentile_bootstrap_10000,-3992.464236116649,462.8499404988585,0.150390625,7,0,3,lower
E7_C-ALNS-MP_beta_0.16_minus_0.22,pwct_seconds,target_minus_baseline,10,10540.30402407781,11274.624050301834,-734.3200262240243,1226.2157631061445,paired_seed_percentile_bootstrap_10000,-1517.9985575416197,-75.84478740583162,0.125,4,5,1,lower
E7_C-ALNS-MP_beta_0.28_minus_0.22,pwct_seconds,target_minus_baseline,10,12505.397388852503,11274.624050301834,1230.773338550669,1288.7411013447077,paired_seed_percentile_bootstrap_10000,526.787397264787,2037.3821415544878,0.03125,2,2,6,lower
E7_ER-HLNS-parallel-rescue_beta_0.16_minus_0.22,pwct_seconds,target_minus_baseline,10,8355.388196955935,8448.582345563218,-93.19414860728394,905.2630897491115,paired_seed_percentile_bootstrap_10000,-673.356809858444,386.94860427866007,0.765625,3,2,5,lower
E7_ER-HLNS-parallel-rescue_beta_0.28_minus_0.22,pwct_seconds,target_minus_baseline,10,10649.149188016141,8448.582345563218,2200.5668424529217,2161.2178263150927,paired_seed_percentile_bootstrap_10000,985.7728721343929,3514.006562666656,0.01171875,2,0,8,lower
E4_suffix_local_minus_global_reauction,runtime_seconds,target_minus_baseline,10,144.71910632,139.07747504,5.641631279999999,16.779574854091944,paired_seed_percentile_bootstrap_10000,-3.1903748200000193,16.127150989999993,0.380859375,5,0,5,lower
E5_ER_HLNS_minus_equal_budget_C_ALNS,runtime_seconds,target_minus_baseline,10,144.71910632,743.4495998699999,-598.73049355,498.38855984941557,paired_seed_percentile_bootstrap_10000,-905.0122746799999,-317.65778931999995,0.001953125,10,0,0,lower
E6_ER_HLNS_minus_C_ALNS_conditional_truck_TC,runtime_seconds,target_minus_baseline,10,127.50853589000005,167.13936305,-39.63082715999996,26.497623437533242,paired_seed_percentile_bootstrap_10000,-55.581058069999955,-24.913081289999933,0.001953125,10,0,0,lower
E6_ER_HLNS_conditional_minus_strict_TC_eligibility,runtime_seconds,target_minus_baseline,10,127.50853589000005,144.71910632,-17.210570429999965,9.522483379611957,paired_seed_percentile_bootstrap_10000,-22.92197530999997,-11.832990769999961,0.001953125,10,0,0,lower
E7_ER_HLNS_minus_C_ALNS_beta_0.16,runtime_seconds,target_minus_baseline,10,127.45098927999993,111.34440184,16.10658743999993,39.49638264349401,paired_seed_percentile_bootstrap_10000,-9.908455300000014,35.276169059999916,0.23046875,2,0,8,lower
E7_ER_HLNS_minus_C_ALNS_beta_0.22,runtime_seconds,target_minus_baseline,10,97.24398436000001,164.06551232999988,-66.82152796999985,38.48899008553802,paired_seed_percentile_bootstrap_10000,-88.1470973399998,-43.62714886999974,0.001953125,10,0,0,lower
E7_ER_HLNS_minus_C_ALNS_beta_0.28,runtime_seconds,target_minus_baseline,10,132.85526459000002,167.9053759,-35.05011130999996,47.72817700544261,paired_seed_percentile_bootstrap_10000,-61.08373960000008,-5.361002180000059,0.0546875,8,0,2,lower
E7_C-ALNS-MP_beta_0.16_minus_0.22,runtime_seconds,target_minus_baseline,10,111.34440184,164.06551232999988,-52.721110489999866,25.082281773765146,paired_seed_percentile_bootstrap_10000,-67.88778689999977,-38.81341674999985,0.001953125,10,0,0,lower
E7_C-ALNS-MP_beta_0.28_minus_0.22,runtime_seconds,target_minus_baseline,10,167.9053759,164.06551232999988,3.839863570000125,44.77170957769009,paired_seed_percentile_bootstrap_10000,-22.90869594999963,28.320390259999932,0.826171875,2,0,8,lower
E7_ER-HLNS-parallel-rescue_beta_0.16_minus_0.22,runtime_seconds,target_minus_baseline,10,127.45098927999993,97.24398436000001,30.207004919999918,36.185646999624424,paired_seed_percentile_bootstrap_10000,8.342884899999763,50.627063529999944,0.033203125,3,0,7,lower
E7_ER-HLNS-parallel-rescue_beta_0.28_minus_0.22,runtime_seconds,target_minus_baseline,10,132.85526459000002,97.24398436000001,35.61128023000001,18.458301217037047,paired_seed_percentile_bootstrap_10000,24.897101759999806,46.5006533000002,0.001953125,0,0,10,lower
E4_suffix_local_minus_global_reauction,objective_evaluations,target_minus_baseline,10,3135.1,2960.8,174.3,378.6106325912033,paired_seed_percentile_bootstrap_10000,-29.6,412.8,0.19921875,4,0,6,lower
E5_ER_HLNS_minus_equal_budget_C_ALNS,objective_evaluations,target_minus_baseline,10,3135.1,3133.0,2.1,1.7919573407620817,paired_seed_percentile_bootstrap_10000,1.3,3.3,0.001953125,0,0,10,lower
E6_ER_HLNS_minus_C_ALNS_conditional_truck_TC,objective_evaluations,target_minus_baseline,10,2864.4,343.0,2521.4,1159.9474317590623,paired_seed_percentile_bootstrap_10000,1893.1,3234.0,0.001953125,0,0,10,lower
E6_ER_HLNS_conditional_minus_strict_TC_eligibility,objective_evaluations,target_minus_baseline,10,2864.4,3135.1,-270.7,418.59820300086756,paired_seed_percentile_bootstrap_10000,-530.2,-53.5,0.044921875,8,0,2,lower
E7_ER_HLNS_minus_C_ALNS_beta_0.16,objective_evaluations,target_minus_baseline,10,2898.5,279.4,2619.1,1255.8071729192964,paired_seed_percentile_bootstrap_10000,1919.7,3398.3,0.001953125,0,0,10,lower
E7_ER_HLNS_minus_C_ALNS_beta_0.22,objective_evaluations,target_minus_baseline,10,3135.1,240.3,2894.8,1148.7402568804566,paired_seed_percentile_bootstrap_10000,2229.6,3606.7,0.001953125,0,0,10,lower
E7_ER_HLNS_minus_C_ALNS_beta_0.28,objective_evaluations,target_minus_baseline,10,2854.4,228.9,2625.5,1244.2446392177956,paired_seed_percentile_bootstrap_10000,1933.2,3360.7,0.001953125,0,0,10,lower
E7_C-ALNS-MP_beta_0.16_minus_0.22,objective_evaluations,target_minus_baseline,10,279.4,240.3,39.1,43.04119473765156,paired_seed_percentile_bootstrap_10000,13.8,64.2,0.046875,2,2,6,lower
E7_C-ALNS-MP_beta_0.28_minus_0.22,objective_evaluations,target_minus_baseline,10,228.9,240.3,-11.4,29.10975399720475,paired_seed_percentile_bootstrap_10000,-28.0,5.8,0.25390625,5,1,4,lower
E7_ER-HLNS-parallel-rescue_beta_0.16_minus_0.22,objective_evaluations,target_minus_baseline,10,2898.5,3135.1,-236.6,573.251970971075,paired_seed_percentile_bootstrap_10000,-580.0,92.4,0.23046875,6,1,3,lower
E7_ER-HLNS-parallel-rescue_beta_0.28_minus_0.22,objective_evaluations,target_minus_baseline,10,2854.4,3135.1,-280.7,459.1775376813538,paired_seed_percentile_bootstrap_10000,-574.4,-32.5,0.078125,7,0,3,lower
