algorithm_config_hash,assigned_count,completed,completed_by_agent,completed_seconds,completed_step,completion_quality,condition,deadline_seconds,deadline_step,demand_kg,failed,failed_reason,failed_step,family,final_status,first_assigned_step,first_service_step,formal_lb_id,fulfilled_mass_kg,last_assigned_step,lifeline_final,lifeline_init,method,nearest_truck_distance_start,nearest_uav_or_truck_distance_start,on_time,public_environment_hash,remaining_demand_kg,remaining_lifeline_at_service,scenario,seed,service_start_count,task_class,task_id,task_kind,truck_reachable,uav_eventual_serviceable,urgency_score
41a9fb151809dc5feb31bc4f4b243e710e117d36bba4ed6cc8ea87820125bdce,115,1,truck_3,3260.0,163,1.0,equal_objective_evaluation_budget_seed_matched,19200.0,960,800.0,0,,-1,E5,delivered,48,163,LB-v1-20260822,800.0,162,84.92370523540191,100.0,C-ALNS-MP,14039.592726000365,14039.592726000365,1,2a5a6bb7823ec182f44e3844532db419e6239e6f2791ab4e2c85a1e62616bdef,0.0,84.92370523540191,LB,101,1,routine_bulk,task_routine_bulk_0,normal,1,0,0.34837428108412444
41a9fb151809dc5feb31bc4f4b243e710e117d36bba4ed6cc8ea87820125bdce,91,1,truck_2,1820.0,91,1.0,equal_objective_evaluation_budget_seed_matched,20400.0,1020,800.0,0,,-1,E5,delivered,0,91,LB-v1-20260822,800.0,90,91.18479475514165,100.0,C-ALNS-MP,7511.760618564474,7511.760618564474,1,2a5a6bb7823ec182f44e3844532db419e6239e6f2791ab4e2c85a1e62616bdef,0.0,91.18479475514165,LB,101,1,routine_bulk,task_routine_bulk_1,normal,1,0,0.30016368013188016
41a9fb151809dc5feb31bc4f4b243e710e117d36bba4ed6cc8ea87820125bdce,107,1,truck_3,4140.0,207,1.0,equal_objective_evaluation_budget_seed_matched,21600.0,1080,800.0,0,,-1,E5,delivered,96,207,LB-v1-20260822,800.0,202,76.46107283312364,100.0,C-ALNS-MP,15315.096891728663,15315.096891728663,1,2a5a6bb7823ec182f44e3844532db419e6239e6f2791ab4e2c85a1e62616bdef,0.0,76.46107283312364,LB,101,1,routine_bulk,task_routine_bulk_2,normal,1,0,0.527261765850137
41a9fb151809dc5feb31bc4f4b243e710e117d36bba4ed6cc8ea87820125bdce,187,1,truck_0,5660.0,283,1.0,equal_objective_evaluation_budget_seed_matched,22800.0,1140,800.0,0,,-1,E5,delivered,96,283,LB-v1-20260822,800.0,282,70.89296154154023,100.0,C-ALNS-MP,14102.848363601865,14102.848363601865,1,2a5a6bb7823ec182f44e3844532db419e6239e6f2791ab4e2c85a1e62616bdef,0.0,70.89296154154023,LB,101,1,routine_bulk,task_routine_bulk_3,normal,1,0,0.3882350364392335
41a9fb151809dc5feb31bc4f4b243e710e117d36bba4ed6cc8ea87820125bdce,90,1,truck_1,1800.0,90,1.0,equal_objective_evaluation_budget_seed_matched,24000.0,1200,800.0,0,,-1,E5,delivered,0,90,LB-v1-20260822,800.0,89,90.37302611168272,100.0,C-ALNS-MP,7302.1073017293165,7302.1073017293165,1,2a5a6bb7823ec182f44e3844532db419e6239e6f2791ab4e2c85a1e62616bdef,0.0,90.37302611168272,LB,101,1,routine_bulk,task_routine_bulk_4,normal,1,0,0.5361043015918403
41a9fb151809dc5feb31bc4f4b243e710e117d36bba4ed6cc8ea87820125bdce,47,1,truck_0,940.0,47,1.0,equal_objective_evaluation_budget_seed_matched,25200.0,1260,800.0,0,,-1,E5,delivered,0,47,LB-v1-20260822,800.0,46,95.45703455130577,100.0,C-ALNS-MP,3909.3896971690133,3909.3896971690133,1,2a5a6bb7823ec182f44e3844532db419e6239e6f2791ab4e2c85a1e62616bdef,0.0,95.45703455130577,LB,101,1,routine_bulk,task_routine_bulk_5,normal,1,0,0.42701883575488137
41a9fb151809dc5feb31bc4f4b243e710e117d36bba4ed6cc8ea87820125bdce,108,1,truck_3,2200.0,110,1.0,equal_objective_evaluation_budget_seed_matched,26400.0,1320,800.0,0,,-1,E5,delivered,0,110,LB-v1-20260822,800.0,107,87.69504676064473,100.0,C-ALNS-MP,9533.630318869733,9533.630318869733,1,2a5a6bb7823ec182f44e3844532db419e6239e6f2791ab4e2c85a1e62616bdef,0.0,87.69504676064473,LB,101,1,routine_bulk,task_routine_bulk_6,normal,1,0,0.5142470258374676
41a9fb151809dc5feb31bc4f4b243e710e117d36bba4ed6cc8ea87820125bdce,203,0,None,-1.0,-1,0.0,equal_objective_evaluation_budget_seed_matched,27600.0,1380,800.0,1,lifeline_zero,1121,E5,failed,108,-1,LB-v1-20260822,0.0,321,0.0,100.0,C-ALNS-MP,10348.908405801398,10348.908405801398,0,2a5a6bb7823ec182f44e3844532db419e6239e6f2791ab4e2c85a1e62616bdef,800.0,0.0,LB,101,0,routine_bulk,task_routine_bulk_7,normal,1,0,0.3879694663765369
41a9fb151809dc5feb31bc4f4b243e710e117d36bba4ed6cc8ea87820125bdce,9,0,None,-1.0,-1,0.0,equal_objective_evaluation_budget_seed_matched,12000.0,600,50.0,1,lifeline_zero,224,E5,failed,215,-1,LB-v1-20260822,0.0,223,0.0,100.0,C-ALNS-MP,14151.4620521434,14151.4620521434,0,2a5a6bb7823ec182f44e3844532db419e6239e6f2791ab4e2c85a1e62616bdef,50.0,0.0,LB,101,0,time_critical_lightweight,task_time_critical_lightweight_0,emergency,0,1,0.9705680205086198
41a9fb151809dc5feb31bc4f4b243e710e117d36bba4ed6cc8ea87820125bdce,0,0,None,-1.0,-1,0.0,equal_objective_evaluation_budget_seed_matched,13560.0,678,50.0,1,lifeline_zero,280,E5,failed,-1,-1,LB-v1-20260822,0.0,-1,0.0,100.0,C-ALNS-MP,9099.797527415509,9099.797527415509,0,2a5a6bb7823ec182f44e3844532db419e6239e6f2791ab4e2c85a1e62616bdef,50.0,0.0,LB,101,0,time_critical_lightweight,task_time_critical_lightweight_1,emergency,0,1,0.8194413770540239
41a9fb151809dc5feb31bc4f4b243e710e117d36bba4ed6cc8ea87820125bdce,142,0,None,-1.0,-1,0.0,equal_objective_evaluation_budget_seed_matched,13200.0,660,50.0,1,lifeline_zero,290,E5,failed,0,-1,LB-v1-20260822,0.0,261,0.0,100.0,C-ALNS-MP,8636.287551441419,8636.287551441419,0,2a5a6bb7823ec182f44e3844532db419e6239e6f2791ab4e2c85a1e62616bdef,50.0,0.0,LB,101,0,time_critical_lightweight,task_time_critical_lightweight_2,emergency,0,1,0.7276929418213184
41a9fb151809dc5feb31bc4f4b243e710e117d36bba4ed6cc8ea87820125bdce,241,0,None,-1.0,-1,0.0,equal_objective_evaluation_budget_seed_matched,14760.0,738,50.0,1,lifeline_zero,288,E5,failed,0,-1,LB-v1-20260822,0.0,287,0.0,100.0,C-ALNS-MP,10171.88886835233,10171.88886835233,0,2a5a6bb7823ec182f44e3844532db419e6239e6f2791ab4e2c85a1e62616bdef,50.0,0.0,LB,101,0,time_critical_lightweight,task_time_critical_lightweight_3,emergency,0,1,0.7687067091449796
41a9fb151809dc5feb31bc4f4b243e710e117d36bba4ed6cc8ea87820125bdce,98,1,uav_3,1960.0,98,1.0,equal_objective_evaluation_budget_seed_matched,14400.0,720,50.0,0,,-1,E5,delivered,0,98,LB-v1-20260822,50.0,97,63.9046699564767,100.0,C-ALNS-MP,8972.910969096309,8972.910969096309,1,2a5a6bb7823ec182f44e3844532db419e6239e6f2791ab4e2c85a1e62616bdef,0.0,63.9046699564767,LB,101,1,time_critical_lightweight,task_time_critical_lightweight_4,emergency,0,1,0.7273830460494194
41a9fb151809dc5feb31bc4f4b243e710e117d36bba4ed6cc8ea87820125bdce,215,0,None,-1.0,-1,0.0,equal_objective_evaluation_budget_seed_matched,15960.0,798,50.0,1,lifeline_zero,236,E5,failed,0,-1,LB-v1-20260822,0.0,214,0.0,100.0,C-ALNS-MP,14148.754445771634,14148.754445771634,0,2a5a6bb7823ec182f44e3844532db419e6239e6f2791ab4e2c85a1e62616bdef,50.0,0.0,LB,101,0,time_critical_lightweight,task_time_critical_lightweight_5,emergency,0,1,0.909737917292143
41a9fb151809dc5feb31bc4f4b243e710e117d36bba4ed6cc8ea87820125bdce,253,0,None,-1.0,-1,0.0,equal_objective_evaluation_budget_seed_matched,15600.0,780,50.0,1,lifeline_zero,253,E5,failed,0,-1,LB-v1-20260822,0.0,252,0.0,100.0,C-ALNS-MP,2913.7706040409153,2913.7706040409153,0,2a5a6bb7823ec182f44e3844532db419e6239e6f2791ab4e2c85a1e62616bdef,50.0,0.0,LB,101,0,time_critical_lightweight,task_time_critical_lightweight_6,emergency,0,1,0.8705161474912566
41a9fb151809dc5feb31bc4f4b243e710e117d36bba4ed6cc8ea87820125bdce,192,0,None,-1.0,-1,0.0,equal_objective_evaluation_budget_seed_matched,16200.0,810,50.0,1,lifeline_zero,239,E5,failed,0,-1,LB-v1-20260822,0.0,191,0.0,100.0,C-ALNS-MP,8419.216536800033,8419.216536800033,0,2a5a6bb7823ec182f44e3844532db419e6239e6f2791ab4e2c85a1e62616bdef,50.0,0.0,LB,101,0,time_critical_lightweight,task_time_critical_lightweight_7,emergency,0,1,0.989879628037199
41a9fb151809dc5feb31bc4f4b243e710e117d36bba4ed6cc8ea87820125bdce,84,0,None,-1.0,-1,0.0,equal_objective_evaluation_budget_seed_matched,16800.0,840,50.0,1,lifeline_zero,257,E5,failed,72,-1,LB-v1-20260822,0.0,155,0.0,100.0,C-ALNS-MP,9649.370387536506,9649.370387536506,0,2a5a6bb7823ec182f44e3844532db419e6239e6f2791ab4e2c85a1e62616bdef,50.0,0.0,LB,101,0,time_critical_lightweight,task_time_critical_lightweight_8,emergency,0,1,0.9323581933558626
41a9fb151809dc5feb31bc4f4b243e710e117d36bba4ed6cc8ea87820125bdce,136,0,None,-1.0,-1,0.0,equal_objective_evaluation_budget_seed_matched,17400.0,870,50.0,1,lifeline_zero,244,E5,failed,108,-1,LB-v1-20260822,0.0,243,0.0,100.0,C-ALNS-MP,2591.7846470285945,2591.7846470285945,0,2a5a6bb7823ec182f44e3844532db419e6239e6f2791ab4e2c85a1e62616bdef,50.0,0.0,LB,101,0,time_critical_lightweight,task_time_critical_lightweight_9,emergency,0,1,0.8933819856045042
41a9fb151809dc5feb31bc4f4b243e710e117d36bba4ed6cc8ea87820125bdce,0,1,uav_1,1240.0,62,1.0,equal_objective_evaluation_budget_seed_matched,18000.0,900,50.0,0,,-1,E5,delivered,-1,62,LB-v1-20260822,50.0,-1,78.84215360206271,100.0,C-ALNS-MP,5472.170625762758,5472.170625762758,1,2a5a6bb7823ec182f44e3844532db419e6239e6f2791ab4e2c85a1e62616bdef,0.0,78.84215360206271,LB,101,1,time_critical_lightweight,task_time_critical_lightweight_10,emergency,0,1,0.7142148384795817
41a9fb151809dc5feb31bc4f4b243e710e117d36bba4ed6cc8ea87820125bdce,24,0,None,-1.0,-1,0.0,equal_objective_evaluation_budget_seed_matched,18600.0,930,50.0,1,lifeline_zero,262,E5,failed,168,-1,LB-v1-20260822,0.0,214,0.0,100.0,C-ALNS-MP,1506.2906048252266,1506.2906048252266,0,2a5a6bb7823ec182f44e3844532db419e6239e6f2791ab4e2c85a1e62616bdef,50.0,0.0,LB,101,0,time_critical_lightweight,task_time_critical_lightweight_11,emergency,0,1,0.7467335094406772
d5bc065260648006cbe8e68287278c564739732db79cad0987488825d5ac0be4,244,1,truck_0,5840.0,292,1.0,equal_objective_evaluation_budget_seed_matched,19200.0,960,800.0,0,,-1,E5,delivered,36,292,LB-v1-20260822,800.0,291,73.64223613000864,100.0,C-ALNS-MP,10728.26032891467,10728.26032891467,1,63e92bcf060179d244f3cac024c7b4b990d7c22dc73c78adcec9a12cb48849ec,0.0,73.64223613000864,LB,103,1,routine_bulk,task_routine_bulk_0,normal,1,0,0.34842619173408906
d5bc065260648006cbe8e68287278c564739732db79cad0987488825d5ac0be4,36,1,truck_2,800.0,40,1.0,equal_objective_evaluation_budget_seed_matched,20400.0,1020,800.0,0,,-1,E5,delivered,0,40,LB-v1-20260822,800.0,35,96.32643607358843,100.0,C-ALNS-MP,2909.773055537859,2909.773055537859,1,63e92bcf060179d244f3cac024c7b4b990d7c22dc73c78adcec9a12cb48849ec,0.0,96.32643607358843,LB,103,1,routine_bulk,task_routine_bulk_1,normal,1,0,0.36263112143461484
d5bc065260648006cbe8e68287278c564739732db79cad0987488825d5ac0be4,36,1,truck_3,1520.0,76,1.0,equal_objective_evaluation_budget_seed_matched,21600.0,1080,800.0,0,,-1,E5,delivered,36,76,LB-v1-20260822,800.0,71,94.06179230166924,100.0,C-ALNS-MP,5891.031930588738,5891.031930588738,1,63e92bcf060179d244f3cac024c7b4b990d7c22dc73c78adcec9a12cb48849ec,0.0,94.06179230166924,LB,103,1,routine_bulk,task_routine_bulk_2,normal,1,0,0.22860762501670875
d5bc065260648006cbe8e68287278c564739732db79cad0987488825d5ac0be4,103,1,truck_0,2060.0,103,1.0,equal_objective_evaluation_budget_seed_matched,22800.0,1140,800.0,0,,-1,E5,delivered,0,103,LB-v1-20260822,800.0,102,91.83194032629423,100.0,C-ALNS-MP,3679.4188095004256,3679.4188095004256,1,63e92bcf060179d244f3cac024c7b4b990d7c22dc73c78adcec9a12cb48849ec,0.0,91.83194032629423,LB,103,1,routine_bulk,task_routine_bulk_3,normal,1,0,0.20341849503107082
d5bc065260648006cbe8e68287278c564739732db79cad0987488825d5ac0be4,21,1,truck_0,420.0,21,1.0,equal_objective_evaluation_budget_seed_matched,24000.0,1200,800.0,0,,-1,E5,delivered,0,21,LB-v1-20260822,800.0,20,98.05617214438035,100.0,C-ALNS-MP,1222.77839559386,1222.77839559386,1,63e92bcf060179d244f3cac024c7b4b990d7c22dc73c78adcec9a12cb48849ec,0.0,98.05617214438035,LB,103,1,routine_bulk,task_routine_bulk_4,normal,1,0,0.3319591618543233
d5bc065260648006cbe8e68287278c564739732db79cad0987488825d5ac0be4,269,1,truck_1,7060.0,353,1.0,equal_objective_evaluation_budget_seed_matched,25200.0,1260,800.0,0,,-1,E5,delivered,72,353,LB-v1-20260822,800.0,352,65.5815673933029,100.0,C-ALNS-MP,12369.193535155884,12369.193535155884,1,63e92bcf060179d244f3cac024c7b4b990d7c22dc73c78adcec9a12cb48849ec,0.0,65.5815673933029,LB,103,1,routine_bulk,task_routine_bulk_5,normal,1,0,0.3837354804247379
d5bc065260648006cbe8e68287278c564739732db79cad0987488825d5ac0be4,34,1,truck_1,680.0,34,1.0,equal_objective_evaluation_budget_seed_matched,26400.0,1320,800.0,0,,-1,E5,delivered,0,34,LB-v1-20260822,800.0,33,97.04500742049703,100.0,C-ALNS-MP,2190.503861145282,2190.503861145282,1,63e92bcf060179d244f3cac024c7b4b990d7c22dc73c78adcec9a12cb48849ec,0.0,97.04500742049703,LB,103,1,routine_bulk,task_routine_bulk_6,normal,1,0,0.29667557872401773
d5bc065260648006cbe8e68287278c564739732db79cad0987488825d5ac0be4,84,1,truck_1,2180.0,109,1.0,equal_objective_evaluation_budget_seed_matched,27600.0,1380,800.0,0,,-1,E5,delivered,24,109,LB-v1-20260822,800.0,107,89.07362225421696,100.0,C-ALNS-MP,3849.1587366044114,3849.1587366044114,1,63e92bcf060179d244f3cac024c7b4b990d7c22dc73c78adcec9a12cb48849ec,0.0,89.07362225421696,LB,103,1,routine_bulk,task_routine_bulk_7,normal,1,0,0.46822780016891247
d5bc065260648006cbe8e68287278c564739732db79cad0987488825d5ac0be4,0,1,uav_2,2020.0,101,1.0,equal_objective_evaluation_budget_seed_matched,12000.0,600,50.0,0,,-1,E5,delivered,-1,101,LB-v1-20260822,50.0,-1,54.40505796746514,100.0,C-ALNS-MP,3549.9180582011645,3549.9180582011645,1,63e92bcf060179d244f3cac024c7b4b990d7c22dc73c78adcec9a12cb48849ec,0.0,54.40505796746514,LB,103,1,time_critical_lightweight,task_time_critical_lightweight_0,emergency,0,1,0.9539752519885072
d5bc065260648006cbe8e68287278c564739732db79cad0987488825d5ac0be4,0,1,uav_1,2300.0,115,1.0,equal_objective_evaluation_budget_seed_matched,12600.0,630,50.0,0,,-1,E5,delivered,-1,115,LB-v1-20260822,50.0,-1,52.56595056483601,100.0,C-ALNS-MP,3853.766998414422,3853.766998414422,1,63e92bcf060179d244f3cac024c7b4b990d7c22dc73c78adcec9a12cb48849ec,0.0,52.56595056483601,LB,103,1,time_critical_lightweight,task_time_critical_lightweight_1,emergency,0,1,0.9948079019505545
d5bc065260648006cbe8e68287278c564739732db79cad0987488825d5ac0be4,135,1,uav_1,2940.0,147,1.0,equal_objective_evaluation_budget_seed_matched,13200.0,660,50.0,0,,-1,E5,delivered,0,147,LB-v1-20260822,50.0,146,50.44910506714699,100.0,C-ALNS-MP,4718.076354042247,4718.076354042247,1,63e92bcf060179d244f3cac024c7b4b990d7c22dc73c78adcec9a12cb48849ec,0.0,50.44910506714699,LB,103,1,time_critical_lightweight,task_time_critical_lightweight_2,emergency,0,1,0.7377905179466021
d5bc065260648006cbe8e68287278c564739732db79cad0987488825d5ac0be4,110,1,uav_3,2200.0,110,1.0,equal_objective_evaluation_budget_seed_matched,13800.0,690,50.0,0,,-1,E5,delivered,0,110,LB-v1-20260822,50.0,109,53.49388991872566,100.0,C-ALNS-MP,4622.917826000115,4622.917826000115,1,63e92bcf060179d244f3cac024c7b4b990d7c22dc73c78adcec9a12cb48849ec,0.0,53.49388991872566,LB,103,1,time_critical_lightweight,task_time_critical_lightweight_3,emergency,0,1,0.993001467773675
d5bc065260648006cbe8e68287278c564739732db79cad0987488825d5ac0be4,156,0,None,-1.0,-1,0.0,equal_objective_evaluation_budget_seed_matched,14400.0,720,50.0,1,lifeline_zero,238,E5,failed,0,-1,LB-v1-20260822,0.0,201,0.0,100.0,C-ALNS-MP,7874.47009238337,7874.47009238337,0,63e92bcf060179d244f3cac024c7b4b990d7c22dc73c78adcec9a12cb48849ec,50.0,0.0,LB,103,0,time_critical_lightweight,task_time_critical_lightweight_4,emergency,0,1,0.8793174987113003
d5bc065260648006cbe8e68287278c564739732db79cad0987488825d5ac0be4,202,0,None,-1.0,-1,0.0,equal_objective_evaluation_budget_seed_matched,15960.0,798,50.0,1,lifeline_zero,266,E5,failed,0,-1,LB-v1-20260822,0.0,237,0.0,100.0,C-ALNS-MP,15631.763761674247,15631.763761674247,0,63e92bcf060179d244f3cac024c7b4b990d7c22dc73c78adcec9a12cb48849ec,50.0,0.0,LB,103,0,time_critical_lightweight,task_time_critical_lightweight_5,emergency,0,1,0.7453071219044164
d5bc065260648006cbe8e68287278c564739732db79cad0987488825d5ac0be4,238,0,None,-1.0,-1,0.0,equal_objective_evaluation_budget_seed_matched,16560.0,828,50.0,1,lifeline_zero,262,E5,failed,0,-1,LB-v1-20260822,0.0,249,0.0,100.0,C-ALNS-MP,8424.160448484647,8424.160448484647,0,63e92bcf060179d244f3cac024c7b4b990d7c22dc73c78adcec9a12cb48849ec,50.0,0.0,LB,103,0,time_critical_lightweight,task_time_critical_lightweight_6,emergency,0,1,0.9405001457932693
d5bc065260648006cbe8e68287278c564739732db79cad0987488825d5ac0be4,144,0,None,-1.0,-1,0.0,equal_objective_evaluation_budget_seed_matched,17160.0,858,50.0,1,lifeline_zero,244,E5,failed,0,-1,LB-v1-20260822,0.0,143,0.0,100.0,C-ALNS-MP,8257.460786599386,8257.460786599386,0,63e92bcf060179d244f3cac024c7b4b990d7c22dc73c78adcec9a12cb48849ec,50.0,0.0,LB,103,0,time_critical_lightweight,task_time_critical_lightweight_7,emergency,0,1,0.9967292359223714
d5bc065260648006cbe8e68287278c564739732db79cad0987488825d5ac0be4,0,1,uav_2,600.0,30,1.0,equal_objective_evaluation_budget_seed_matched,16800.0,840,50.0,0,,-1,E5,delivered,-1,30,LB-v1-20260822,50.0,-1,87.59694586091562,100.0,C-ALNS-MP,2438.790356782932,2438.790356782932,1,63e92bcf060179d244f3cac024c7b4b990d7c22dc73c78adcec9a12cb48849ec,0.0,87.59694586091562,LB,103,1,time_critical_lightweight,task_time_critical_lightweight_8,emergency,0,1,0.956249863078559
d5bc065260648006cbe8e68287278c564739732db79cad0987488825d5ac0be4,59,1,uav_0,3340.0,167,1.0,equal_objective_evaluation_budget_seed_matched,17400.0,870,50.0,0,,-1,E5,delivered,108,167,LB-v1-20260822,50.0,166,25.453839255778803,100.0,C-ALNS-MP,5229.962687587301,5229.962687587301,1,63e92bcf060179d244f3cac024c7b4b990d7c22dc73c78adcec9a12cb48849ec,0.0,25.453839255778803,LB,103,1,time_critical_lightweight,task_time_critical_lightweight_9,emergency,0,1,0.99615912292639
d5bc065260648006cbe8e68287278c564739732db79cad0987488825d5ac0be4,22,1,uav_3,3560.0,178,1.0,equal_objective_evaluation_budget_seed_matched,18000.0,900,50.0,0,,-1,E5,delivered,156,178,LB-v1-20260822,50.0,177,38.47006221913323,100.0,C-ALNS-MP,4101.291462269308,4101.291462269308,1,63e92bcf060179d244f3cac024c7b4b990d7c22dc73c78adcec9a12cb48849ec,0.0,38.47006221913323,LB,103,1,time_critical_lightweight,task_time_critical_lightweight_10,emergency,0,1,0.7679542876123209
d5bc065260648006cbe8e68287278c564739732db79cad0987488825d5ac0be4,24,0,None,-1.0,-1,0.0,equal_objective_evaluation_budget_seed_matched,18600.0,930,50.0,1,lifeline_zero,250,E5,failed,108,-1,LB-v1-20260822,0.0,143,0.0,100.0,C-ALNS-MP,9892.748184234893,9892.748184234893,0,63e92bcf060179d244f3cac024c7b4b990d7c22dc73c78adcec9a12cb48849ec,50.0,0.0,LB,103,0,time_critical_lightweight,task_time_critical_lightweight_11,emergency,0,1,0.8558745641192899
4b81d0d61bf5c9012d26c8e61ab71cc8b4342f05c86bfd3dcd8aa5bba5f85b92,67,1,truck_3,1340.0,67,1.0,equal_objective_evaluation_budget_seed_matched,19200.0,960,800.0,0,,-1,E5,delivered,0,67,LB-v1-20260822,800.0,66,92.50381684741134,100.0,C-ALNS-MP,4712.939965300228,4712.939965300228,1,16843334a0974404f1c02bc2ae8ae627f60ccc0e5280a3eceff2741982ce7a9f,0.0,92.50381684741134,LB,100,1,routine_bulk,task_routine_bulk_0,normal,1,0,0.5914487685478238
4b81d0d61bf5c9012d26c8e61ab71cc8b4342f05c86bfd3dcd8aa5bba5f85b92,43,1,truck_0,860.0,43,1.0,equal_objective_evaluation_budget_seed_matched,20400.0,1020,800.0,0,,-1,E5,delivered,0,43,LB-v1-20260822,800.0,42,96.13998850373648,100.0,C-ALNS-MP,2651.3638511663926,2651.3638511663926,1,16843334a0974404f1c02bc2ae8ae627f60ccc0e5280a3eceff2741982ce7a9f,0.0,96.13998850373648,LB,100,1,routine_bulk,task_routine_bulk_1,normal,1,0,0.328770105116882
4b81d0d61bf5c9012d26c8e61ab71cc8b4342f05c86bfd3dcd8aa5bba5f85b92,59,0,None,-1.0,-1,0.0,equal_objective_evaluation_budget_seed_matched,21600.0,1080,800.0,1,lifeline_zero,935,E5,failed,59,-1,LB-v1-20260822,0.0,117,0.0,100.0,C-ALNS-MP,9455.797786582447,9455.797786582447,0,16843334a0974404f1c02bc2ae8ae627f60ccc0e5280a3eceff2741982ce7a9f,800.0,0.0,LB,100,0,routine_bulk,task_routine_bulk_2,normal,1,0,0.5197299581475797
4b81d0d61bf5c9012d26c8e61ab71cc8b4342f05c86bfd3dcd8aa5bba5f85b92,162,1,truck_2,4180.0,209,1.0,equal_objective_evaluation_budget_seed_matched,22800.0,1140,800.0,0,,-1,E5,delivered,47,209,LB-v1-20260822,800.0,208,79.15613398727501,100.0,C-ALNS-MP,7467.100925813267,7467.100925813267,1,16843334a0974404f1c02bc2ae8ae627f60ccc0e5280a3eceff2741982ce7a9f,0.0,79.15613398727501,LB,100,1,routine_bulk,task_routine_bulk_3,normal,1,0,0.363407140663305
4b81d0d61bf5c9012d26c8e61ab71cc8b4342f05c86bfd3dcd8aa5bba5f85b92,53,1,truck_1,1060.0,53,1.0,equal_objective_evaluation_budget_seed_matched,24000.0,1200,800.0,0,,-1,E5,delivered,0,53,LB-v1-20260822,800.0,52,95.32927811874183,100.0,C-ALNS-MP,4256.447388010565,4256.447388010565,1,16843334a0974404f1c02bc2ae8ae627f60ccc0e5280a3eceff2741982ce7a9f,0.0,95.32927811874183,LB,100,1,routine_bulk,task_routine_bulk_4,normal,1,0,0.2526593582373026
4b81d0d61bf5c9012d26c8e61ab71cc8b4342f05c86bfd3dcd8aa5bba5f85b92,6,1,truck_3,1540.0,77,1.0,equal_objective_evaluation_budget_seed_matched,25200.0,1260,800.0,0,,-1,E5,delivered,71,77,LB-v1-20260822,800.0,76,93.94857451029266,100.0,C-ALNS-MP,4838.850094689374,4838.850094689374,1,16843334a0974404f1c02bc2ae8ae627f60ccc0e5280a3eceff2741982ce7a9f,0.0,93.94857451029266,LB,100,1,routine_bulk,task_routine_bulk_5,normal,1,0,0.23296054817545986
4b81d0d61bf5c9012d26c8e61ab71cc8b4342f05c86bfd3dcd8aa5bba5f85b92,47,0,None,-1.0,-1,0.0,equal_objective_evaluation_budget_seed_matched,26400.0,1320,800.0,1,lifeline_zero,1009,E5,failed,71,-1,LB-v1-20260822,0.0,117,0.0,100.0,C-ALNS-MP,11793.267377757751,11793.267377757751,0,16843334a0974404f1c02bc2ae8ae627f60ccc0e5280a3eceff2741982ce7a9f,800.0,0.0,LB,100,0,routine_bulk,task_routine_bulk_6,normal,1,0,0.46244681084905065
4b81d0d61bf5c9012d26c8e61ab71cc8b4342f05c86bfd3dcd8aa5bba5f85b92,66,1,truck_2,1320.0,66,1.0,equal_objective_evaluation_budget_seed_matched,27600.0,1380,800.0,0,,-1,E5,delivered,0,66,LB-v1-20260822,800.0,65,92.64758642208056,100.0,C-ALNS-MP,4587.683945260957,4587.683945260957,1,16843334a0974404f1c02bc2ae8ae627f60ccc0e5280a3eceff2741982ce7a9f,0.0,92.64758642208056,LB,100,1,routine_bulk,task_routine_bulk_7,normal,1,0,0.5338128687931456
4b81d0d61bf5c9012d26c8e61ab71cc8b4342f05c86bfd3dcd8aa5bba5f85b92,0,1,uav_3,2080.0,104,1.0,equal_objective_evaluation_budget_seed_matched,12000.0,600,50.0,0,,-1,E5,delivered,-1,104,LB-v1-20260822,50.0,-1,61.476888338126194,100.0,C-ALNS-MP,4043.5148887186647,4043.5148887186647,1,16843334a0974404f1c02bc2ae8ae627f60ccc0e5280a3eceff2741982ce7a9f,0.0,61.476888338126194,LB,100,1,time_critical_lightweight,task_time_critical_lightweight_0,emergency,0,1,0.8572362469902544
4b81d0d61bf5c9012d26c8e61ab71cc8b4342f05c86bfd3dcd8aa5bba5f85b92,0,1,uav_2,860.0,43,1.0,equal_objective_evaluation_budget_seed_matched,12600.0,630,50.0,0,,-1,E5,delivered,-1,43,LB-v1-20260822,50.0,-1,83.2821720889144,100.0,C-ALNS-MP,3938.2462884286088,3938.2462884286088,1,16843334a0974404f1c02bc2ae8ae627f60ccc0e5280a3eceff2741982ce7a9f,0.0,83.2821720889144,LB,100,1,time_critical_lightweight,task_time_critical_lightweight_1,emergency,0,1,0.7681740887900437
4b81d0d61bf5c9012d26c8e61ab71cc8b4342f05c86bfd3dcd8aa5bba5f85b92,74,1,uav_3,2600.0,130,1.0,equal_objective_evaluation_budget_seed_matched,13200.0,660,50.0,0,,-1,E5,delivered,0,130,LB-v1-20260822,50.0,129,54.18158785320803,100.0,C-ALNS-MP,1841.754606923464,1841.754606923464,1,16843334a0974404f1c02bc2ae8ae627f60ccc0e5280a3eceff2741982ce7a9f,0.0,54.18158785320803,LB,100,1,time_critical_lightweight,task_time_critical_lightweight_2,emergency,0,1,0.8022891552475101
4b81d0d61bf5c9012d26c8e61ab71cc8b4342f05c86bfd3dcd8aa5bba5f85b92,94,0,None,-1.0,-1,0.0,equal_objective_evaluation_budget_seed_matched,14760.0,738,50.0,1,lifeline_zero,234,E5,failed,0,-1,LB-v1-20260822,0.0,93,0.0,100.0,C-ALNS-MP,5652.839795309424,5652.839795309424,0,16843334a0974404f1c02bc2ae8ae627f60ccc0e5280a3eceff2741982ce7a9f,50.0,0.0,LB,100,0,time_critical_lightweight,task_time_critical_lightweight_3,emergency,0,1,0.960215083465178
4b81d0d61bf5c9012d26c8e61ab71cc8b4342f05c86bfd3dcd8aa5bba5f85b92,130,1,uav_3,4240.0,212,1.0,equal_objective_evaluation_budget_seed_matched,14400.0,720,50.0,0,,-1,E5,delivered,0,212,LB-v1-20260822,50.0,189,26.196460755380794,100.0,C-ALNS-MP,5313.398671961474,5313.398671961474,1,16843334a0974404f1c02bc2ae8ae627f60ccc0e5280a3eceff2741982ce7a9f,0.0,26.196460755380794,LB,100,1,time_critical_lightweight,task_time_critical_lightweight_4,emergency,0,1,0.8154167223421255
4b81d0d61bf5c9012d26c8e61ab71cc8b4342f05c86bfd3dcd8aa5bba5f85b92,94,0,None,-1.0,-1,0.0,equal_objective_evaluation_budget_seed_matched,15960.0,798,50.0,1,lifeline_zero,237,E5,failed,0,-1,LB-v1-20260822,0.0,93,0.0,100.0,C-ALNS-MP,12029.47975909369,12029.47975909369,0,16843334a0974404f1c02bc2ae8ae627f60ccc0e5280a3eceff2741982ce7a9f,50.0,0.0,LB,100,0,time_critical_lightweight,task_time_critical_lightweight_5,emergency,0,1,0.9867416871112791
4b81d0d61bf5c9012d26c8e61ab71cc8b4342f05c86bfd3dcd8aa5bba5f85b92,111,1,uav_3,2220.0,111,1.0,equal_objective_evaluation_budget_seed_matched,15600.0,780,50.0,0,,-1,E5,delivered,0,111,LB-v1-20260822,50.0,110,58.82079693740885,100.0,C-ALNS-MP,2945.1941967981666,2945.1941967981666,1,16843334a0974404f1c02bc2ae8ae627f60ccc0e5280a3eceff2741982ce7a9f,0.0,58.82079693740885,LB,100,1,time_critical_lightweight,task_time_critical_lightweight_6,emergency,0,1,0.8746488677361269
4b81d0d61bf5c9012d26c8e61ab71cc8b4342f05c86bfd3dcd8aa5bba5f85b92,118,0,None,-1.0,-1,0.0,equal_objective_evaluation_budget_seed_matched,17160.0,858,50.0,1,lifeline_zero,265,E5,failed,0,-1,LB-v1-20260822,0.0,117,0.0,100.0,C-ALNS-MP,8166.972222335975,8166.972222335975,0,16843334a0974404f1c02bc2ae8ae627f60ccc0e5280a3eceff2741982ce7a9f,50.0,0.0,LB,100,0,time_critical_lightweight,task_time_critical_lightweight_7,emergency,0,1,0.7446621799769354
4b81d0d61bf5c9012d26c8e61ab71cc8b4342f05c86bfd3dcd8aa5bba5f85b92,0,1,uav_0,940.0,47,1.0,equal_objective_evaluation_budget_seed_matched,16800.0,840,50.0,0,,-1,E5,delivered,-1,47,LB-v1-20260822,50.0,-1,81.82431490907186,100.0,C-ALNS-MP,2311.2789292757247,2311.2789292757247,1,16843334a0974404f1c02bc2ae8ae627f60ccc0e5280a3eceff2741982ce7a9f,0.0,81.82431490907186,LB,100,1,time_critical_lightweight,task_time_critical_lightweight_8,emergency,0,1,0.8689502560984448
4b81d0d61bf5c9012d26c8e61ab71cc8b4342f05c86bfd3dcd8aa5bba5f85b92,191,1,uav_4,5240.0,262,1.0,equal_objective_evaluation_budget_seed_matched,17400.0,870,50.0,0,,-1,E5,delivered,47,262,LB-v1-20260822,50.0,261,13.24729835286063,100.0,C-ALNS-MP,6760.559725492877,6760.559725492877,1,16843334a0974404f1c02bc2ae8ae627f60ccc0e5280a3eceff2741982ce7a9f,0.0,13.24729835286063,LB,100,1,time_critical_lightweight,task_time_critical_lightweight_9,emergency,0,1,0.7554846985257647
4b81d0d61bf5c9012d26c8e61ab71cc8b4342f05c86bfd3dcd8aa5bba5f85b92,0,1,uav_3,1880.0,94,1.0,equal_objective_evaluation_budget_seed_matched,18000.0,900,50.0,0,,-1,E5,delivered,-1,94,LB-v1-20260822,50.0,-1,67.92722255161914,100.0,C-ALNS-MP,3952.8289116955493,3952.8289116955493,1,16843334a0974404f1c02bc2ae8ae627f60ccc0e5280a3eceff2741982ce7a9f,0.0,67.92722255161914,LB,100,1,time_critical_lightweight,task_time_critical_lightweight_10,emergency,0,1,0.7210061967003056
4b81d0d61bf5c9012d26c8e61ab71cc8b4342f05c86bfd3dcd8aa5bba5f85b92,0,1,uav_2,1720.0,86,1.0,equal_objective_evaluation_budget_seed_matched,18600.0,930,50.0,0,,-1,E5,delivered,-1,86,LB-v1-20260822,50.0,-1,64.84870290685969,100.0,C-ALNS-MP,6188.028410283936,6188.028410283936,1,16843334a0974404f1c02bc2ae8ae627f60ccc0e5280a3eceff2741982ce7a9f,0.0,64.84870290685969,LB,100,1,time_critical_lightweight,task_time_critical_lightweight_11,emergency,0,1,0.732056640977218
7bc4b19c9759b2dc81670d6e6e930231900b9283859d1c5f651ebc39f999745b,120,0,None,-1.0,-1,0.0,equal_objective_evaluation_budget_seed_matched,19200.0,960,800.0,1,deadline_exceeded,961,E5,failed,0,-1,LB-v1-20260822,0.0,143,0.8156339285624098,100.0,C-ALNS-MP,5272.8843626741755,5272.8843626741755,0,c72e7a8af14c09cdfead5a9164ca20bc565402829242dad3ead668243caf2fce,800.0,0.0,LB,104,0,routine_bulk,task_routine_bulk_0,normal,1,0,0.47918201810372657
7bc4b19c9759b2dc81670d6e6e930231900b9283859d1c5f651ebc39f999745b,67,1,truck_1,3020.0,151,1.0,equal_objective_evaluation_budget_seed_matched,20400.0,1020,800.0,0,,-1,E5,delivered,84,151,LB-v1-20260822,800.0,150,83.35016225590273,100.0,C-ALNS-MP,7568.357709164488,7568.357709164488,1,c72e7a8af14c09cdfead5a9164ca20bc565402829242dad3ead668243caf2fce,0.0,83.35016225590273,LB,104,1,routine_bulk,task_routine_bulk_1,normal,1,0,0.5886518651509982
7bc4b19c9759b2dc81670d6e6e930231900b9283859d1c5f651ebc39f999745b,84,1,truck_3,1720.0,86,1.0,equal_objective_evaluation_budget_seed_matched,21600.0,1080,800.0,0,,-1,E5,delivered,0,86,LB-v1-20260822,800.0,83,91.12712377468277,100.0,C-ALNS-MP,6249.3846204323945,6249.3846204323945,1,c72e7a8af14c09cdfead5a9164ca20bc565402829242dad3ead668243caf2fce,0.0,91.12712377468277,LB,104,1,routine_bulk,task_routine_bulk_2,normal,1,0,0.276105417555162
7bc4b19c9759b2dc81670d6e6e930231900b9283859d1c5f651ebc39f999745b,83,1,truck_2,1660.0,83,1.0,equal_objective_evaluation_budget_seed_matched,22800.0,1140,800.0,0,,-1,E5,delivered,0,83,LB-v1-20260822,800.0,82,90.91415411800186,100.0,C-ALNS-MP,6698.28848762556,6698.28848762556,1,c72e7a8af14c09cdfead5a9164ca20bc565402829242dad3ead668243caf2fce,0.0,90.91415411800186,LB,104,1,routine_bulk,task_routine_bulk_3,normal,1,0,0.48560807268183753
7bc4b19c9759b2dc81670d6e6e930231900b9283859d1c5f651ebc39f999745b,41,1,truck_1,2740.0,137,1.0,equal_objective_evaluation_budget_seed_matched,24000.0,1200,800.0,0,,-1,E5,delivered,96,137,LB-v1-20260822,800.0,136,85.32532533324063,100.0,C-ALNS-MP,7570.960812820636,7570.960812820636,1,c72e7a8af14c09cdfead5a9164ca20bc565402829242dad3ead668243caf2fce,0.0,85.32532533324063,LB,104,1,routine_bulk,task_routine_bulk_4,normal,1,0,0.5478035996107795
7bc4b19c9759b2dc81670d6e6e930231900b9283859d1c5f651ebc39f999745b,203,1,truck_1,7020.0,351,1.0,equal_objective_evaluation_budget_seed_matched,25200.0,1260,800.0,0,,-1,E5,delivered,144,351,LB-v1-20260822,800.0,346,68.12604462849502,100.0,C-ALNS-MP,7123.574472651179,7123.574472651179,1,c72e7a8af14c09cdfead5a9164ca20bc565402829242dad3ead668243caf2fce,0.0,68.12604462849502,LB,104,1,routine_bulk,task_routine_bulk_5,normal,1,0,0.35137426266199645
7bc4b19c9759b2dc81670d6e6e930231900b9283859d1c5f651ebc39f999745b,93,1,truck_1,1860.0,93,1.0,equal_objective_evaluation_budget_seed_matched,26400.0,1320,800.0,0,,-1,E5,delivered,0,93,LB-v1-20260822,800.0,92,90.30293922232143,100.0,C-ALNS-MP,6156.526159856502,6156.526159856502,1,c72e7a8af14c09cdfead5a9164ca20bc565402829242dad3ead668243caf2fce,0.0,90.30293922232143,LB,104,1,routine_bulk,task_routine_bulk_6,normal,1,0,0.4791203724344151
7bc4b19c9759b2dc81670d6e6e930231900b9283859d1c5f651ebc39f999745b,67,1,truck_1,4460.0,223,1.0,equal_objective_evaluation_budget_seed_matched,27600.0,1380,800.0,0,,-1,E5,delivered,144,223,LB-v1-20260822,800.0,222,79.2551713251775,100.0,C-ALNS-MP,7985.041925894773,7985.041925894773,1,c72e7a8af14c09cdfead5a9164ca20bc565402829242dad3ead668243caf2fce,0.0,79.2551713251775,LB,104,1,routine_bulk,task_routine_bulk_7,normal,1,0,0.41526441828837324
7bc4b19c9759b2dc81670d6e6e930231900b9283859d1c5f651ebc39f999745b,0,1,uav_3,2120.0,106,1.0,equal_objective_evaluation_budget_seed_matched,12000.0,600,50.0,0,,-1,E5,delivered,-1,106,LB-v1-20260822,50.0,-1,58.93118768118588,100.0,C-ALNS-MP,7023.7895527980045,7023.7895527980045,1,c72e7a8af14c09cdfead5a9164ca20bc565402829242dad3ead668243caf2fce,0.0,58.93118768118588,LB,104,1,time_critical_lightweight,task_time_critical_lightweight_0,emergency,0,1,0.7334050411538343
7bc4b19c9759b2dc81670d6e6e930231900b9283859d1c5f651ebc39f999745b,55,1,uav_2,4840.0,242,1.0,equal_objective_evaluation_budget_seed_matched,12600.0,630,50.0,0,,-1,E5,delivered,151,242,LB-v1-20260822,50.0,241,16.09639560178666,100.0,C-ALNS-MP,7820.4684819216145,7820.4684819216145,1,c72e7a8af14c09cdfead5a9164ca20bc565402829242dad3ead668243caf2fce,0.0,16.09639560178666,LB,104,1,time_critical_lightweight,task_time_critical_lightweight_1,emergency,0,1,0.7756329563794074
7bc4b19c9759b2dc81670d6e6e930231900b9283859d1c5f651ebc39f999745b,132,0,None,-1.0,-1,0.0,equal_objective_evaluation_budget_seed_matched,14160.0,708,50.0,1,lifeline_zero,280,E5,failed,0,-1,LB-v1-20260822,0.0,131,0.0,100.0,C-ALNS-MP,10205.303898503826,10205.303898503826,0,c72e7a8af14c09cdfead5a9164ca20bc565402829242dad3ead668243caf2fce,50.0,0.0,LB,104,0,time_critical_lightweight,task_time_critical_lightweight_2,emergency,0,1,0.7888680287525364
7bc4b19c9759b2dc81670d6e6e930231900b9283859d1c5f651ebc39f999745b,134,1,uav_5,2680.0,134,1.0,equal_objective_evaluation_budget_seed_matched,13800.0,690,50.0,0,,-1,E5,delivered,0,134,LB-v1-20260822,50.0,133,51.00155295375998,100.0,C-ALNS-MP,16046.827472122433,16046.827472122433,1,c72e7a8af14c09cdfead5a9164ca20bc565402829242dad3ead668243caf2fce,0.0,51.00155295375998,LB,104,1,time_critical_lightweight,task_time_critical_lightweight_3,emergency,0,1,0.8367675481815295
7bc4b19c9759b2dc81670d6e6e930231900b9283859d1c5f651ebc39f999745b,210,0,None,-1.0,-1,0.0,equal_objective_evaluation_budget_seed_matched,15360.0,768,50.0,1,lifeline_zero,282,E5,failed,0,-1,LB-v1-20260822,0.0,281,0.0,100.0,C-ALNS-MP,9174.482219933043,9174.482219933043,0,c72e7a8af14c09cdfead5a9164ca20bc565402829242dad3ead668243caf2fce,50.0,0.0,LB,104,0,time_critical_lightweight,task_time_critical_lightweight_4,emergency,0,1,0.8127661232413205
7bc4b19c9759b2dc81670d6e6e930231900b9283859d1c5f651ebc39f999745b,159,0,None,-1.0,-1,0.0,equal_objective_evaluation_budget_seed_matched,15960.0,798,50.0,1,lifeline_zero,281,E5,failed,24,-1,LB-v1-20260822,0.0,280,0.0,100.0,C-ALNS-MP,19651.540378591842,19651.540378591842,0,c72e7a8af14c09cdfead5a9164ca20bc565402829242dad3ead668243caf2fce,50.0,0.0,LB,104,0,time_critical_lightweight,task_time_critical_lightweight_5,emergency,0,1,0.8423225708886023
7bc4b19c9759b2dc81670d6e6e930231900b9283859d1c5f651ebc39f999745b,101,1,uav_1,2740.0,137,1.0,equal_objective_evaluation_budget_seed_matched,15600.0,780,50.0,0,,-1,E5,delivered,0,137,LB-v1-20260822,50.0,136,49.09533100781085,100.0,C-ALNS-MP,7018.248876048752,7018.248876048752,1,c72e7a8af14c09cdfead5a9164ca20bc565402829242dad3ead668243caf2fce,0.0,49.09533100781085,LB,104,1,time_critical_lightweight,task_time_critical_lightweight_6,emergency,0,1,0.8491294207660127
7bc4b19c9759b2dc81670d6e6e930231900b9283859d1c5f651ebc39f999745b,97,1,uav_2,3140.0,157,1.0,equal_objective_evaluation_budget_seed_matched,16200.0,810,50.0,0,,-1,E5,delivered,0,157,LB-v1-20260822,50.0,156,34.57974440570372,100.0,C-ALNS-MP,8377.6446781383,8377.6446781383,1,c72e7a8af14c09cdfead5a9164ca20bc565402829242dad3ead668243caf2fce,0.0,34.57974440570372,LB,104,1,time_critical_lightweight,task_time_critical_lightweight_7,emergency,0,1,0.9286770435131199
7bc4b19c9759b2dc81670d6e6e930231900b9283859d1c5f651ebc39f999745b,122,1,uav_1,4840.0,242,1.0,equal_objective_evaluation_budget_seed_matched,16800.0,840,50.0,0,,-1,E5,delivered,0,242,LB-v1-20260822,50.0,241,14.206164698966719,100.0,C-ALNS-MP,9300.70569730297,9300.70569730297,1,c72e7a8af14c09cdfead5a9164ca20bc565402829242dad3ead668243caf2fce,0.0,14.206164698966719,LB,104,1,time_critical_lightweight,task_time_critical_lightweight_8,emergency,0,1,0.8211665605115068
7bc4b19c9759b2dc81670d6e6e930231900b9283859d1c5f651ebc39f999745b,14,1,uav_1,3160.0,158,1.0,equal_objective_evaluation_budget_seed_matched,17400.0,870,50.0,0,,-1,E5,delivered,144,158,LB-v1-20260822,50.0,157,39.66829377036192,100.0,C-ALNS-MP,7532.933777727172,7532.933777727172,1,c72e7a8af14c09cdfead5a9164ca20bc565402829242dad3ead668243caf2fce,0.0,39.66829377036192,LB,104,1,time_critical_lightweight,task_time_critical_lightweight_9,emergency,0,1,0.8946614200318721
7bc4b19c9759b2dc81670d6e6e930231900b9283859d1c5f651ebc39f999745b,24,1,uav_5,3360.0,168,1.0,equal_objective_evaluation_budget_seed_matched,18000.0,900,50.0,0,,-1,E5,delivered,144,168,LB-v1-20260822,50.0,167,36.434980968647714,100.0,C-ALNS-MP,12110.343999723837,12110.343999723837,1,c72e7a8af14c09cdfead5a9164ca20bc565402829242dad3ead668243caf2fce,0.0,36.434980968647714,LB,104,1,time_critical_lightweight,task_time_critical_lightweight_10,emergency,0,1,0.9073734486686894
7bc4b19c9759b2dc81670d6e6e930231900b9283859d1c5f651ebc39f999745b,48,0,None,-1.0,-1,0.0,equal_objective_evaluation_budget_seed_matched,18600.0,930,50.0,1,lifeline_zero,255,E5,failed,60,-1,LB-v1-20260822,0.0,107,0.0,100.0,C-ALNS-MP,5010.518718001438,5010.518718001438,0,c72e7a8af14c09cdfead5a9164ca20bc565402829242dad3ead668243caf2fce,50.0,0.0,LB,104,0,time_critical_lightweight,task_time_critical_lightweight_11,emergency,0,1,0.7839172668337464
4a7352b8b5866e67dc1267dc7d041e4cb049ec30fa235ac375599a168e55d3c3,180,1,truck_1,4780.0,239,1.0,equal_objective_evaluation_budget_seed_matched,19200.0,960,800.0,0,,-1,E5,delivered,36,239,LB-v1-20260822,800.0,238,74.61590694201541,100.0,C-ALNS-MP,4676.861376701063,4676.861376701063,1,312c0b294c114f0cc8f9b2f251eeb589f2f7e07bdbabc2ca2ec473197ffa18d8,0.0,74.61590694201541,LB,107,1,routine_bulk,task_routine_bulk_0,normal,1,0,0.5706680857831006
4a7352b8b5866e67dc1267dc7d041e4cb049ec30fa235ac375599a168e55d3c3,59,1,truck_2,1260.0,63,1.0,equal_objective_evaluation_budget_seed_matched,20400.0,1020,800.0,0,,-1,E5,delivered,0,63,LB-v1-20260822,800.0,58,94.88466720321085,100.0,C-ALNS-MP,4365.266097324558,4365.266097324558,1,312c0b294c114f0cc8f9b2f251eeb589f2f7e07bdbabc2ca2ec473197ffa18d8,0.0,94.88466720321085,LB,107,1,routine_bulk,task_routine_bulk_1,normal,1,0,0.2966517718910157
4a7352b8b5866e67dc1267dc7d041e4cb049ec30fa235ac375599a168e55d3c3,36,1,truck_1,760.0,38,1.0,equal_objective_evaluation_budget_seed_matched,21600.0,1080,800.0,0,,-1,E5,delivered,0,38,LB-v1-20260822,800.0,35,95.95163454467597,100.0,C-ALNS-MP,3168.672550952722,3168.672550952722,1,312c0b294c114f0cc8f9b2f251eeb589f2f7e07bdbabc2ca2ec473197ffa18d8,0.0,95.95163454467597,LB,107,1,routine_bulk,task_routine_bulk_2,normal,1,0,0.5547067970949975
4a7352b8b5866e67dc1267dc7d041e4cb049ec30fa235ac375599a168e55d3c3,66,1,truck_1,1320.0,66,1.0,equal_objective_evaluation_budget_seed_matched,22800.0,1140,800.0,0,,-1,E5,delivered,0,66,LB-v1-20260822,800.0,65,94.92313197166987,100.0,C-ALNS-MP,3245.16352904983,3245.16352904983,1,312c0b294c114f0cc8f9b2f251eeb589f2f7e07bdbabc2ca2ec473197ffa18d8,0.0,94.92313197166987,LB,107,1,routine_bulk,task_routine_bulk_3,normal,1,0,0.2436562031867523
4a7352b8b5866e67dc1267dc7d041e4cb049ec30fa235ac375599a168e55d3c3,239,1,truck_1,6920.0,346,1.0,equal_objective_evaluation_budget_seed_matched,24000.0,1200,800.0,0,,-1,E5,delivered,71,346,LB-v1-20260822,800.0,345,68.03336247474319,100.0,C-ALNS-MP,5980.171646239756,5980.171646239756,1,312c0b294c114f0cc8f9b2f251eeb589f2f7e07bdbabc2ca2ec473197ffa18d8,0.0,68.03336247474319,LB,107,1,routine_bulk,task_routine_bulk_4,normal,1,0,0.4304808019757515
4a7352b8b5866e67dc1267dc7d041e4cb049ec30fa235ac375599a168e55d3c3,214,1,truck_2,5320.0,266,1.0,equal_objective_evaluation_budget_seed_matched,25200.0,1260,800.0,0,,-1,E5,delivered,36,266,LB-v1-20260822,800.0,261,75.86823648385985,100.0,C-ALNS-MP,4790.794991940095,4790.794991940095,1,312c0b294c114f0cc8f9b2f251eeb589f2f7e07bdbabc2ca2ec473197ffa18d8,0.0,75.86823648385985,LB,107,1,routine_bulk,task_routine_bulk_5,normal,1,0,0.3804450519899658
4a7352b8b5866e67dc1267dc7d041e4cb049ec30fa235ac375599a168e55d3c3,83,0,None,-1.0,-1,0.0,equal_objective_evaluation_budget_seed_matched,26400.0,1320,800.0,1,lifeline_zero,1299,E5,failed,48,-1,LB-v1-20260822,0.0,130,0.0,100.0,C-ALNS-MP,9323.57765247018,9323.57765247018,0,312c0b294c114f0cc8f9b2f251eeb589f2f7e07bdbabc2ca2ec473197ffa18d8,800.0,0.0,LB,107,0,routine_bulk,task_routine_bulk_6,normal,1,0,0.2221731791610967
4a7352b8b5866e67dc1267dc7d041e4cb049ec30fa235ac375599a168e55d3c3,36,1,truck_0,800.0,40,1.0,equal_objective_evaluation_budget_seed_matched,27600.0,1380,800.0,0,,-1,E5,delivered,0,40,LB-v1-20260822,800.0,35,95.92756737033696,100.0,C-ALNS-MP,2675.351273261336,2675.351273261336,1,312c0b294c114f0cc8f9b2f251eeb589f2f7e07bdbabc2ca2ec473197ffa18d8,0.0,95.92756737033696,LB,107,1,routine_bulk,task_routine_bulk_7,normal,1,0,0.4377062722154169
4a7352b8b5866e67dc1267dc7d041e4cb049ec30fa235ac375599a168e55d3c3,20,1,uav_1,3260.0,163,1.0,equal_objective_evaluation_budget_seed_matched,12000.0,600,50.0,0,,-1,E5,delivered,143,163,LB-v1-20260822,50.0,162,40.18261001895259,100.0,C-ALNS-MP,5394.62580921223,5394.62580921223,1,312c0b294c114f0cc8f9b2f251eeb589f2f7e07bdbabc2ca2ec473197ffa18d8,0.0,40.18261001895259,LB,107,1,time_critical_lightweight,task_time_critical_lightweight_0,emergency,0,1,0.8302499593770897
4a7352b8b5866e67dc1267dc7d041e4cb049ec30fa235ac375599a168e55d3c3,10,1,uav_0,3060.0,153,1.0,equal_objective_evaluation_budget_seed_matched,12600.0,630,50.0,0,,-1,E5,delivered,143,153,LB-v1-20260822,50.0,152,46.73285222933941,100.0,C-ALNS-MP,1255.9076213524656,1255.9076213524656,1,312c0b294c114f0cc8f9b2f251eeb589f2f7e07bdbabc2ca2ec473197ffa18d8,0.0,46.73285222933941,LB,107,1,time_critical_lightweight,task_time_critical_lightweight_1,emergency,0,1,0.7411016998019768
4a7352b8b5866e67dc1267dc7d041e4cb049ec30fa235ac375599a168e55d3c3,56,1,uav_3,1360.0,68,1.0,equal_objective_evaluation_budget_seed_matched,14160.0,708,50.0,0,,-1,E5,delivered,0,68,LB-v1-20260822,50.0,67,77.38454521824805,100.0,C-ALNS-MP,8978.493170966221,8978.493170966221,1,312c0b294c114f0cc8f9b2f251eeb589f2f7e07bdbabc2ca2ec473197ffa18d8,0.0,77.38454521824805,LB,107,1,time_critical_lightweight,task_time_critical_lightweight_2,emergency,0,1,0.7545769185202815
4a7352b8b5866e67dc1267dc7d041e4cb049ec30fa235ac375599a168e55d3c3,68,1,uav_1,2060.0,103,1.0,equal_objective_evaluation_budget_seed_matched,14760.0,738,50.0,0,,-1,E5,delivered,0,103,LB-v1-20260822,50.0,102,63.772024960811116,100.0,C-ALNS-MP,9241.05280832803,9241.05280832803,1,312c0b294c114f0cc8f9b2f251eeb589f2f7e07bdbabc2ca2ec473197ffa18d8,0.0,63.772024960811116,LB,107,1,time_critical_lightweight,task_time_critical_lightweight_3,emergency,0,1,0.8390694278116883
4a7352b8b5866e67dc1267dc7d041e4cb049ec30fa235ac375599a168e55d3c3,28,1,uav_1,560.0,28,1.0,equal_objective_evaluation_budget_seed_matched,14400.0,720,50.0,0,,-1,E5,delivered,0,28,LB-v1-20260822,50.0,27,90.0398870849192,100.0,C-ALNS-MP,2739.1399798010775,2739.1399798010775,1,312c0b294c114f0cc8f9b2f251eeb589f2f7e07bdbabc2ca2ec473197ffa18d8,0.0,90.0398870849192,LB,107,1,time_critical_lightweight,task_time_critical_lightweight_4,emergency,0,1,0.8046278717993235
4a7352b8b5866e67dc1267dc7d041e4cb049ec30fa235ac375599a168e55d3c3,68,1,uav_2,2300.0,115,1.0,equal_objective_evaluation_budget_seed_matched,15000.0,750,50.0,0,,-1,E5,delivered,0,115,LB-v1-20260822,50.0,114,56.11062516013069,100.0,C-ALNS-MP,3797.4401881228073,3797.4401881228073,1,312c0b294c114f0cc8f9b2f251eeb589f2f7e07bdbabc2ca2ec473197ffa18d8,0.0,56.11062516013069,LB,107,1,time_critical_lightweight,task_time_critical_lightweight_5,emergency,0,1,0.90085693700648
4a7352b8b5866e67dc1267dc7d041e4cb049ec30fa235ac375599a168e55d3c3,131,0,None,-1.0,-1,0.0,equal_objective_evaluation_budget_seed_matched,15600.0,780,50.0,1,lifeline_zero,286,E5,failed,0,-1,LB-v1-20260822,0.0,285,0.0,100.0,C-ALNS-MP,5747.812352952764,5747.812352952764,0,312c0b294c114f0cc8f9b2f251eeb589f2f7e07bdbabc2ca2ec473197ffa18d8,50.0,0.0,LB,107,0,time_critical_lightweight,task_time_critical_lightweight_6,emergency,0,1,0.7731538051901221
4a7352b8b5866e67dc1267dc7d041e4cb049ec30fa235ac375599a168e55d3c3,166,1,uav_1,3960.0,198,1.0,equal_objective_evaluation_budget_seed_matched,17160.0,858,50.0,0,,-1,E5,delivered,0,198,LB-v1-20260822,50.0,197,28.660054594888916,100.0,C-ALNS-MP,9338.434762348648,9338.434762348648,1,312c0b294c114f0cc8f9b2f251eeb589f2f7e07bdbabc2ca2ec473197ffa18d8,0.0,28.660054594888916,LB,107,1,time_critical_lightweight,task_time_critical_lightweight_7,emergency,0,1,0.8164838175840352
4a7352b8b5866e67dc1267dc7d041e4cb049ec30fa235ac375599a168e55d3c3,42,1,uav_2,1740.0,87,1.0,equal_objective_evaluation_budget_seed_matched,16800.0,840,50.0,0,,-1,E5,delivered,36,87,LB-v1-20260822,50.0,86,65.1767766216686,100.0,C-ALNS-MP,4433.27498858184,4433.27498858184,1,312c0b294c114f0cc8f9b2f251eeb589f2f7e07bdbabc2ca2ec473197ffa18d8,0.0,65.1767766216686,LB,107,1,time_critical_lightweight,task_time_critical_lightweight_8,emergency,0,1,0.969115762600605
4a7352b8b5866e67dc1267dc7d041e4cb049ec30fa235ac375599a168e55d3c3,91,1,uav_4,3240.0,162,1.0,equal_objective_evaluation_budget_seed_matched,17400.0,870,50.0,0,,-1,E5,delivered,36,162,LB-v1-20260822,50.0,161,34.08618006572456,100.0,C-ALNS-MP,1706.9408225484358,1706.9408225484358,1,312c0b294c114f0cc8f9b2f251eeb589f2f7e07bdbabc2ca2ec473197ffa18d8,0.0,34.08618006572456,LB,107,1,time_critical_lightweight,task_time_critical_lightweight_9,emergency,0,1,0.9597035886893125
4a7352b8b5866e67dc1267dc7d041e4cb049ec30fa235ac375599a168e55d3c3,4,1,uav_3,800.0,40,1.0,equal_objective_evaluation_budget_seed_matched,18000.0,900,50.0,0,,-1,E5,delivered,36,40,LB-v1-20260822,50.0,39,85.32611434294977,100.0,C-ALNS-MP,3763.818128189182,3763.818128189182,1,312c0b294c114f0cc8f9b2f251eeb589f2f7e07bdbabc2ca2ec473197ffa18d8,0.0,85.32611434294977,LB,107,1,time_critical_lightweight,task_time_critical_lightweight_10,emergency,0,1,0.8653418966582734
4a7352b8b5866e67dc1267dc7d041e4cb049ec30fa235ac375599a168e55d3c3,8,1,uav_1,1120.0,56,1.0,equal_objective_evaluation_budget_seed_matched,18600.0,930,50.0,0,,-1,E5,delivered,48,56,LB-v1-20260822,50.0,55,78.04166622159858,100.0,C-ALNS-MP,5710.389558214626,5710.389558214626,1,312c0b294c114f0cc8f9b2f251eeb589f2f7e07bdbabc2ca2ec473197ffa18d8,0.0,78.04166622159858,LB,107,1,time_critical_lightweight,task_time_critical_lightweight_11,emergency,0,1,0.961564265025886
3f1f691554cc8be86e6ed780d039b3287b1232699c9da7d3d2c4ab7fb409b4f7,24,0,None,-1.0,-1,0.0,equal_objective_evaluation_budget_seed_matched,19200.0,960,800.0,1,deadline_exceeded,961,E5,failed,119,-1,LB-v1-20260822,0.0,142,10.085083014575781,100.0,C-ALNS-MP,12577.323912323805,12577.323912323805,0,14716e77b84ef7e77fe9c50243a038de0fa9a0d80a3b2e2df790697faaf07941,800.0,0.0,LB,105,0,routine_bulk,task_routine_bulk_0,normal,1,0,0.4422958379032641
3f1f691554cc8be86e6ed780d039b3287b1232699c9da7d3d2c4ab7fb409b4f7,119,1,truck_1,2460.0,123,1.0,equal_objective_evaluation_budget_seed_matched,20400.0,1020,800.0,0,,-1,E5,delivered,0,123,LB-v1-20260822,800.0,118,88.7193996732142,100.0,C-ALNS-MP,8114.793341322871,8114.793341322871,1,14716e77b84ef7e77fe9c50243a038de0fa9a0d80a3b2e2df790697faaf07941,0.0,88.7193996732142,LB,105,1,routine_bulk,task_routine_bulk_1,normal,1,0,0.35204079810666833
3f1f691554cc8be86e6ed780d039b3287b1232699c9da7d3d2c4ab7fb409b4f7,167,1,truck_0,4800.0,240,1.0,equal_objective_evaluation_budget_seed_matched,21600.0,1080,800.0,0,,-1,E5,delivered,72,240,LB-v1-20260822,800.0,238,79.00050524056626,100.0,C-ALNS-MP,8729.62675428584,8729.62675428584,1,14716e77b84ef7e77fe9c50243a038de0fa9a0d80a3b2e2df790697faaf07941,0.0,79.00050524056626,LB,105,1,routine_bulk,task_routine_bulk_2,normal,1,0,0.287785035971319
3f1f691554cc8be86e6ed780d039b3287b1232699c9da7d3d2c4ab7fb409b4f7,72,1,truck_1,1440.0,72,1.0,equal_objective_evaluation_budget_seed_matched,22800.0,1140,800.0,0,,-1,E5,delivered,0,72,LB-v1-20260822,800.0,71,92.89743810261982,100.0,C-ALNS-MP,5910.696567912473,5910.696567912473,1,14716e77b84ef7e77fe9c50243a038de0fa9a0d80a3b2e2df790697faaf07941,0.0,92.89743810261982,LB,105,1,routine_bulk,task_routine_bulk_3,normal,1,0,0.350797741406931
3f1f691554cc8be86e6ed780d039b3287b1232699c9da7d3d2c4ab7fb409b4f7,52,1,truck_0,2720.0,136,1.0,equal_objective_evaluation_budget_seed_matched,24000.0,1200,800.0,0,,-1,E5,delivered,84,136,LB-v1-20260822,800.0,135,86.65119429160026,100.0,C-ALNS-MP,10694.004250403128,10694.004250403128,1,14716e77b84ef7e77fe9c50243a038de0fa9a0d80a3b2e2df790697faaf07941,0.0,86.65119429160026,LB,105,1,routine_bulk,task_routine_bulk_4,normal,1,0,0.4555758510257406
3f1f691554cc8be86e6ed780d039b3287b1232699c9da7d3d2c4ab7fb409b4f7,71,0,None,-1.0,-1,0.0,equal_objective_evaluation_budget_seed_matched,25200.0,1260,800.0,1,lifeline_zero,1039,E5,failed,72,-1,LB-v1-20260822,0.0,142,0.0,100.0,C-ALNS-MP,11688.368471261618,11688.368471261618,0,14716e77b84ef7e77fe9c50243a038de0fa9a0d80a3b2e2df790697faaf07941,800.0,0.0,LB,105,0,routine_bulk,task_routine_bulk_5,normal,1,0,0.4710880429495432
3f1f691554cc8be86e6ed780d039b3287b1232699c9da7d3d2c4ab7fb409b4f7,84,1,truck_0,1720.0,86,1.0,equal_objective_evaluation_budget_seed_matched,26400.0,1320,800.0,0,,-1,E5,delivered,0,86,LB-v1-20260822,800.0,83,91.28469086368084,100.0,C-ALNS-MP,6465.741892118609,6465.741892118609,1,14716e77b84ef7e77fe9c50243a038de0fa9a0d80a3b2e2df790697faaf07941,0.0,91.28469086368084,LB,105,1,routine_bulk,task_routine_bulk_6,normal,1,0,0.4027653483499122
3f1f691554cc8be86e6ed780d039b3287b1232699c9da7d3d2c4ab7fb409b4f7,71,1,truck_2,1420.0,71,1.0,equal_objective_evaluation_budget_seed_matched,27600.0,1380,800.0,0,,-1,E5,delivered,0,71,LB-v1-20260822,800.0,70,92.47866658177351,100.0,C-ALNS-MP,5513.218277176952,5513.218277176952,1,14716e77b84ef7e77fe9c50243a038de0fa9a0d80a3b2e2df790697faaf07941,0.0,92.47866658177351,LB,105,1,routine_bulk,task_routine_bulk_7,normal,1,0,0.4532664729099701
3f1f691554cc8be86e6ed780d039b3287b1232699c9da7d3d2c4ab7fb409b4f7,31,1,uav_4,3720.0,186,1.0,equal_objective_evaluation_budget_seed_matched,12000.0,600,50.0,0,,-1,E5,delivered,155,186,LB-v1-20260822,50.0,185,29.35512215676137,100.0,C-ALNS-MP,3632.0997667878946,3632.0997667878946,1,14716e77b84ef7e77fe9c50243a038de0fa9a0d80a3b2e2df790697faaf07941,0.0,29.35512215676137,LB,105,1,time_critical_lightweight,task_time_critical_lightweight_0,emergency,0,1,0.8976075549457397
3f1f691554cc8be86e6ed780d039b3287b1232699c9da7d3d2c4ab7fb409b4f7,0,1,uav_3,1020.0,51,1.0,equal_objective_evaluation_budget_seed_matched,12600.0,630,50.0,0,,-1,E5,delivered,-1,51,LB-v1-20260822,50.0,-1,80.0018839323787,100.0,C-ALNS-MP,4785.672150326649,4785.672150326649,1,14716e77b84ef7e77fe9c50243a038de0fa9a0d80a3b2e2df790697faaf07941,0.0,80.0018839323787,LB,105,1,time_critical_lightweight,task_time_critical_lightweight_1,emergency,0,1,0.778127135572565
3f1f691554cc8be86e6ed780d039b3287b1232699c9da7d3d2c4ab7fb409b4f7,103,1,uav_0,3720.0,186,1.0,equal_objective_evaluation_budget_seed_matched,13200.0,660,50.0,0,,-1,E5,delivered,0,186,LB-v1-20260822,50.0,185,33.47692367231074,100.0,C-ALNS-MP,4398.113455086746,4398.113455086746,1,14716e77b84ef7e77fe9c50243a038de0fa9a0d80a3b2e2df790697faaf07941,0.0,33.47692367231074,LB,105,1,time_critical_lightweight,task_time_critical_lightweight_2,emergency,0,1,0.7499811226475924
3f1f691554cc8be86e6ed780d039b3287b1232699c9da7d3d2c4ab7fb409b4f7,170,1,uav_2,3400.0,170,1.0,equal_objective_evaluation_budget_seed_matched,13800.0,690,50.0,0,,-1,E5,delivered,0,170,LB-v1-20260822,50.0,169,28.9817163915643,100.0,C-ALNS-MP,5420.674333996477,5420.674333996477,1,14716e77b84ef7e77fe9c50243a038de0fa9a0d80a3b2e2df790697faaf07941,0.0,28.9817163915643,LB,105,1,time_critical_lightweight,task_time_critical_lightweight_3,emergency,0,1,0.9578263112503582
3f1f691554cc8be86e6ed780d039b3287b1232699c9da7d3d2c4ab7fb409b4f7,72,0,None,-1.0,-1,0.0,equal_objective_evaluation_budget_seed_matched,15360.0,768,50.0,1,lifeline_zero,284,E5,failed,0,-1,LB-v1-20260822,0.0,71,0.0,100.0,C-ALNS-MP,7181.023200554933,7181.023200554933,0,14716e77b84ef7e77fe9c50243a038de0fa9a0d80a3b2e2df790697faaf07941,50.0,0.0,LB,105,0,time_critical_lightweight,task_time_critical_lightweight_4,emergency,0,1,0.795836380139859
3f1f691554cc8be86e6ed780d039b3287b1232699c9da7d3d2c4ab7fb409b4f7,151,1,uav_2,3740.0,187,1.0,equal_objective_evaluation_budget_seed_matched,15000.0,750,50.0,0,,-1,E5,delivered,0,187,LB-v1-20260822,50.0,186,30.10617534360218,100.0,C-ALNS-MP,6377.527483238084,6377.527483238084,1,14716e77b84ef7e77fe9c50243a038de0fa9a0d80a3b2e2df790697faaf07941,0.0,30.10617534360218,LB,105,1,time_critical_lightweight,task_time_critical_lightweight_5,emergency,0,1,0.780918270447546
3f1f691554cc8be86e6ed780d039b3287b1232699c9da7d3d2c4ab7fb409b4f7,221,0,None,-1.0,-1,0.0,equal_objective_evaluation_budget_seed_matched,16560.0,828,50.0,1,lifeline_zero,281,E5,failed,0,-1,LB-v1-20260822,0.0,280,0.0,100.0,C-ALNS-MP,9029.776283917252,9029.776283917252,0,14716e77b84ef7e77fe9c50243a038de0fa9a0d80a3b2e2df790697faaf07941,50.0,0.0,LB,105,0,time_critical_lightweight,task_time_critical_lightweight_6,emergency,0,1,0.8689360715219382
3f1f691554cc8be86e6ed780d039b3287b1232699c9da7d3d2c4ab7fb409b4f7,200,1,uav_2,4240.0,212,1.0,equal_objective_evaluation_budget_seed_matched,17160.0,858,50.0,0,,-1,E5,delivered,0,212,LB-v1-20260822,50.0,211,10.826581024454336,100.0,C-ALNS-MP,6748.743106898455,6748.743106898455,1,14716e77b84ef7e77fe9c50243a038de0fa9a0d80a3b2e2df790697faaf07941,0.0,10.826581024454336,LB,105,1,time_critical_lightweight,task_time_critical_lightweight_7,emergency,0,1,0.9402474835352292
3f1f691554cc8be86e6ed780d039b3287b1232699c9da7d3d2c4ab7fb409b4f7,25,1,uav_2,1700.0,85,1.0,equal_objective_evaluation_budget_seed_matched,16800.0,840,50.0,0,,-1,E5,delivered,60,85,LB-v1-20260822,50.0,84,59.728120958551706,100.0,C-ALNS-MP,6916.263526249127,6916.263526249127,1,14716e77b84ef7e77fe9c50243a038de0fa9a0d80a3b2e2df790697faaf07941,0.0,59.728120958551706,LB,105,1,time_critical_lightweight,task_time_critical_lightweight_8,emergency,0,1,0.9661089449093814
3f1f691554cc8be86e6ed780d039b3287b1232699c9da7d3d2c4ab7fb409b4f7,71,0,None,-1.0,-1,0.0,equal_objective_evaluation_budget_seed_matched,17400.0,870,50.0,1,lifeline_zero,284,E5,failed,72,-1,LB-v1-20260822,0.0,142,0.0,100.0,C-ALNS-MP,10495.756357098931,10495.756357098931,0,14716e77b84ef7e77fe9c50243a038de0fa9a0d80a3b2e2df790697faaf07941,50.0,0.0,LB,105,0,time_critical_lightweight,task_time_critical_lightweight_9,emergency,0,1,0.8274854444539167
3f1f691554cc8be86e6ed780d039b3287b1232699c9da7d3d2c4ab7fb409b4f7,7,1,uav_0,3000.0,150,1.0,equal_objective_evaluation_budget_seed_matched,18000.0,900,50.0,0,,-1,E5,delivered,143,150,LB-v1-20260822,50.0,149,47.32057039044785,100.0,C-ALNS-MP,8510.237238411748,8510.237238411748,1,14716e77b84ef7e77fe9c50243a038de0fa9a0d80a3b2e2df790697faaf07941,0.0,47.32057039044785,LB,105,1,time_critical_lightweight,task_time_critical_lightweight_10,emergency,0,1,0.7765952172368125
3f1f691554cc8be86e6ed780d039b3287b1232699c9da7d3d2c4ab7fb409b4f7,0,0,None,-1.0,-1,0.0,equal_objective_evaluation_budget_seed_matched,18600.0,930,50.0,1,lifeline_zero,272,E5,failed,-1,-1,LB-v1-20260822,0.0,-1,0.0,100.0,C-ALNS-MP,10506.128035288262,10506.128035288262,0,14716e77b84ef7e77fe9c50243a038de0fa9a0d80a3b2e2df790697faaf07941,50.0,0.0,LB,105,0,time_critical_lightweight,task_time_critical_lightweight_11,emergency,0,1,0.8832814159350445
e7d90d9e22bebfee270c45cd8a84c80e2af7609b9306320cb5e5c920f710a896,36,1,truck_2,740.0,37,1.0,equal_objective_evaluation_budget_seed_matched,19200.0,960,800.0,0,,-1,E5,delivered,0,37,LB-v1-20260822,800.0,35,96.54777720445192,100.0,C-ALNS-MP,3049.050045046094,3049.050045046094,1,c8b0c582304d8a9c77f6d75116866afa5228cd3bcf103200933ed5202fe5a2d0,0.0,96.54777720445192,LB,106,1,routine_bulk,task_routine_bulk_0,normal,1,0,0.3041748807187687
e7d90d9e22bebfee270c45cd8a84c80e2af7609b9306320cb5e5c920f710a896,177,1,truck_2,5460.0,273,1.0,equal_objective_evaluation_budget_seed_matched,20400.0,1020,800.0,0,,-1,E5,delivered,96,273,LB-v1-20260822,800.0,272,78.62424577894639,100.0,C-ALNS-MP,11755.03202291802,11755.03202291802,1,c8b0c582304d8a9c77f6d75116866afa5228cd3bcf103200933ed5202fe5a2d0,0.0,78.62424577894639,LB,106,1,routine_bulk,task_routine_bulk_1,normal,1,0,0.23717705835687986
e7d90d9e22bebfee270c45cd8a84c80e2af7609b9306320cb5e5c920f710a896,36,0,None,-1.0,-1,0.0,equal_objective_evaluation_budget_seed_matched,21600.0,1080,800.0,1,deadline_exceeded,1081,E5,failed,12,-1,LB-v1-20260822,0.0,47,20.801206276397178,100.0,C-ALNS-MP,7762.225913505712,7762.225913505712,0,c8b0c582304d8a9c77f6d75116866afa5228cd3bcf103200933ed5202fe5a2d0,800.0,0.0,LB,106,0,routine_bulk,task_routine_bulk_2,normal,1,0,0.20180158138940132
e7d90d9e22bebfee270c45cd8a84c80e2af7609b9306320cb5e5c920f710a896,60,1,truck_2,2000.0,100,1.0,equal_objective_evaluation_budget_seed_matched,22800.0,1140,800.0,0,,-1,E5,delivered,36,100,LB-v1-20260822,800.0,95,90.11839194586439,100.0,C-ALNS-MP,7568.718729445891,7568.718729445891,1,c8b0c582304d8a9c77f6d75116866afa5228cd3bcf103200933ed5202fe5a2d0,0.0,90.11839194586439,LB,106,1,routine_bulk,task_routine_bulk_3,normal,1,0,0.3703078937759816
e7d90d9e22bebfee270c45cd8a84c80e2af7609b9306320cb5e5c920f710a896,101,1,truck_0,2260.0,113,1.0,equal_objective_evaluation_budget_seed_matched,24000.0,1200,800.0,0,,-1,E5,delivered,12,113,LB-v1-20260822,800.0,112,90.84779312396971,100.0,C-ALNS-MP,7346.585050938757,7346.585050938757,1,c8b0c582304d8a9c77f6d75116866afa5228cd3bcf103200933ed5202fe5a2d0,0.0,90.84779312396971,LB,106,1,routine_bulk,task_routine_bulk_4,normal,1,0,0.25635863431386674
e7d90d9e22bebfee270c45cd8a84c80e2af7609b9306320cb5e5c920f710a896,9,1,truck_0,180.0,9,1.0,equal_objective_evaluation_budget_seed_matched,25200.0,1260,800.0,0,,-1,E5,delivered,0,9,LB-v1-20260822,800.0,8,98.94528326534876,100.0,C-ALNS-MP,321.7564136050573,321.7564136050573,1,c8b0c582304d8a9c77f6d75116866afa5228cd3bcf103200933ed5202fe5a2d0,0.0,98.94528326534876,LB,106,1,routine_bulk,task_routine_bulk_5,normal,1,0,0.5920820278261801
e7d90d9e22bebfee270c45cd8a84c80e2af7609b9306320cb5e5c920f710a896,12,1,truck_1,280.0,14,1.0,equal_objective_evaluation_budget_seed_matched,26400.0,1320,800.0,0,,-1,E5,delivered,0,14,LB-v1-20260822,800.0,11,98.72376561355583,100.0,C-ALNS-MP,741.1163378438463,741.1163378438463,1,c8b0c582304d8a9c77f6d75116866afa5228cd3bcf103200933ed5202fe5a2d0,0.0,98.72376561355583,LB,106,1,routine_bulk,task_routine_bulk_6,normal,1,0,0.3294775831790963
e7d90d9e22bebfee270c45cd8a84c80e2af7609b9306320cb5e5c920f710a896,168,0,None,-1.0,-1,0.0,equal_objective_evaluation_budget_seed_matched,27600.0,1380,800.0,1,lifeline_zero,947,E5,failed,0,-1,LB-v1-20260822,0.0,167,0.0,100.0,C-ALNS-MP,4309.209615779867,4309.209615779867,0,c8b0c582304d8a9c77f6d75116866afa5228cd3bcf103200933ed5202fe5a2d0,800.0,0.0,LB,106,0,routine_bulk,task_routine_bulk_7,normal,1,0,0.5555376124004635
e7d90d9e22bebfee270c45cd8a84c80e2af7609b9306320cb5e5c920f710a896,15,1,uav_4,4240.0,212,1.0,equal_objective_evaluation_budget_seed_matched,12000.0,600,50.0,0,,-1,E5,delivered,113,212,LB-v1-20260822,50.0,211,27.60313344678064,100.0,C-ALNS-MP,11354.674767540788,11354.674767540788,1,c8b0c582304d8a9c77f6d75116866afa5228cd3bcf103200933ed5202fe5a2d0,0.0,27.60313344678064,LB,106,1,time_critical_lightweight,task_time_critical_lightweight_0,emergency,0,1,0.774646165207239
e7d90d9e22bebfee270c45cd8a84c80e2af7609b9306320cb5e5c920f710a896,0,1,uav_2,2180.0,109,1.0,equal_objective_evaluation_budget_seed_matched,12600.0,630,50.0,0,,-1,E5,delivered,-1,109,LB-v1-20260822,50.0,-1,58.92731212111474,100.0,C-ALNS-MP,7230.961196434538,7230.961196434538,1,c8b0c582304d8a9c77f6d75116866afa5228cd3bcf103200933ed5202fe5a2d0,0.0,58.92731212111474,LB,106,1,time_critical_lightweight,task_time_critical_lightweight_1,emergency,0,1,0.7809525578988008
e7d90d9e22bebfee270c45cd8a84c80e2af7609b9306320cb5e5c920f710a896,252,0,None,-1.0,-1,0.0,equal_objective_evaluation_budget_seed_matched,13200.0,660,50.0,1,lifeline_zero,264,E5,failed,0,-1,LB-v1-20260822,0.0,263,0.0,100.0,C-ALNS-MP,9555.659530191586,9555.659530191586,0,c8b0c582304d8a9c77f6d75116866afa5228cd3bcf103200933ed5202fe5a2d0,50.0,0.0,LB,106,0,time_critical_lightweight,task_time_critical_lightweight_2,emergency,0,1,0.9049880278821211
e7d90d9e22bebfee270c45cd8a84c80e2af7609b9306320cb5e5c920f710a896,60,0,None,-1.0,-1,0.0,equal_objective_evaluation_budget_seed_matched,13800.0,690,50.0,1,lifeline_zero,267,E5,failed,0,-1,LB-v1-20260822,0.0,59,0.0,100.0,C-ALNS-MP,2616.5347358552845,2616.5347358552845,0,c8b0c582304d8a9c77f6d75116866afa5228cd3bcf103200933ed5202fe5a2d0,50.0,0.0,LB,106,0,time_critical_lightweight,task_time_critical_lightweight_3,emergency,0,1,0.7465918500496874
e7d90d9e22bebfee270c45cd8a84c80e2af7609b9306320cb5e5c920f710a896,54,1,uav_2,1080.0,54,1.0,equal_objective_evaluation_budget_seed_matched,14400.0,720,50.0,0,,-1,E5,delivered,0,54,LB-v1-20260822,50.0,53,78.3307423942028,100.0,C-ALNS-MP,4481.754838637108,4481.754838637108,1,c8b0c582304d8a9c77f6d75116866afa5228cd3bcf103200933ed5202fe5a2d0,0.0,78.3307423942028,LB,106,1,time_critical_lightweight,task_time_critical_lightweight_4,emergency,0,1,0.7312565824232282
e7d90d9e22bebfee270c45cd8a84c80e2af7609b9306320cb5e5c920f710a896,174,1,uav_4,3720.0,186,1.0,equal_objective_evaluation_budget_seed_matched,15000.0,750,50.0,0,,-1,E5,delivered,0,186,LB-v1-20260822,50.0,185,27.610701953013915,100.0,C-ALNS-MP,9318.293364685915,9318.293364685915,1,c8b0c582304d8a9c77f6d75116866afa5228cd3bcf103200933ed5202fe5a2d0,0.0,27.610701953013915,LB,106,1,time_critical_lightweight,task_time_critical_lightweight_5,emergency,0,1,0.9426048541447214
e7d90d9e22bebfee270c45cd8a84c80e2af7609b9306320cb5e5c920f710a896,108,1,uav_2,3400.0,170,1.0,equal_objective_evaluation_budget_seed_matched,15600.0,780,50.0,0,,-1,E5,delivered,0,170,LB-v1-20260822,50.0,119,35.64849799712771,100.0,C-ALNS-MP,8013.192717317415,8013.192717317415,1,c8b0c582304d8a9c77f6d75116866afa5228cd3bcf103200933ed5202fe5a2d0,0.0,35.64849799712771,LB,106,1,time_critical_lightweight,task_time_critical_lightweight_6,emergency,0,1,0.8110072138332803
e7d90d9e22bebfee270c45cd8a84c80e2af7609b9306320cb5e5c920f710a896,60,0,None,-1.0,-1,0.0,equal_objective_evaluation_budget_seed_matched,17160.0,858,50.0,1,lifeline_zero,232,E5,failed,0,-1,LB-v1-20260822,0.0,179,0.0,100.0,C-ALNS-MP,13599.829777370682,13599.829777370682,0,c8b0c582304d8a9c77f6d75116866afa5228cd3bcf103200933ed5202fe5a2d0,50.0,0.0,LB,106,0,time_critical_lightweight,task_time_critical_lightweight_7,emergency,0,1,0.8975879731334194
e7d90d9e22bebfee270c45cd8a84c80e2af7609b9306320cb5e5c920f710a896,18,1,uav_0,4440.0,222,1.0,equal_objective_evaluation_budget_seed_matched,16800.0,840,50.0,0,,-1,E5,delivered,204,222,LB-v1-20260822,50.0,221,12.126591819686746,100.0,C-ALNS-MP,9583.174302716527,9583.174302716527,1,c8b0c582304d8a9c77f6d75116866afa5228cd3bcf103200933ed5202fe5a2d0,0.0,12.126591819686746,LB,106,1,time_critical_lightweight,task_time_critical_lightweight_8,emergency,0,1,0.9606920144075497
e7d90d9e22bebfee270c45cd8a84c80e2af7609b9306320cb5e5c920f710a896,45,0,None,-1.0,-1,0.0,equal_objective_evaluation_budget_seed_matched,18360.0,918,50.0,1,lifeline_zero,285,E5,failed,192,-1,LB-v1-20260822,0.0,284,0.0,100.0,C-ALNS-MP,11419.695818305287,11419.695818305287,0,c8b0c582304d8a9c77f6d75116866afa5228cd3bcf103200933ed5202fe5a2d0,50.0,0.0,LB,106,0,time_critical_lightweight,task_time_critical_lightweight_9,emergency,0,1,0.7350690289126702
e7d90d9e22bebfee270c45cd8a84c80e2af7609b9306320cb5e5c920f710a896,24,0,None,-1.0,-1,0.0,equal_objective_evaluation_budget_seed_matched,18960.0,948,50.0,1,lifeline_zero,284,E5,failed,180,-1,LB-v1-20260822,0.0,203,0.0,100.0,C-ALNS-MP,9944.256660494088,9944.256660494088,0,c8b0c582304d8a9c77f6d75116866afa5228cd3bcf103200933ed5202fe5a2d0,50.0,0.0,LB,106,0,time_critical_lightweight,task_time_critical_lightweight_10,emergency,0,1,0.8116832852154032
e7d90d9e22bebfee270c45cd8a84c80e2af7609b9306320cb5e5c920f710a896,164,1,uav_2,4240.0,212,1.0,equal_objective_evaluation_budget_seed_matched,18600.0,930,50.0,0,,-1,E5,delivered,48,212,LB-v1-20260822,50.0,211,22.49749095683976,100.0,C-ALNS-MP,9249.538160907647,9249.538160907647,1,c8b0c582304d8a9c77f6d75116866afa5228cd3bcf103200933ed5202fe5a2d0,0.0,22.49749095683976,LB,106,1,time_critical_lightweight,task_time_critical_lightweight_11,emergency,0,1,0.8206547515719875
2f7c6acd1a8909c49ba1e65677c92c9601faa80ff47fa88f4024183de24da276,43,1,truck_0,860.0,43,1.0,equal_objective_evaluation_budget_seed_matched,19200.0,960,800.0,0,,-1,E5,delivered,0,43,LB-v1-20260822,800.0,42,95.10407731926675,100.0,C-ALNS-MP,2859.966141595017,2859.966141595017,1,15ffe9e90a19f50ccab9af9cfd961b230475554adfcfa639c7dc4ffa909c030d,0.0,95.10407731926675,LB,108,1,routine_bulk,task_routine_bulk_0,normal,1,0,0.5609855287075038
2f7c6acd1a8909c49ba1e65677c92c9601faa80ff47fa88f4024183de24da276,69,1,truck_3,1380.0,69,1.0,equal_objective_evaluation_budget_seed_matched,20400.0,1020,800.0,0,,-1,E5,delivered,0,69,LB-v1-20260822,800.0,68,92.51044064230261,100.0,C-ALNS-MP,5637.344423392569,5637.344423392569,1,15ffe9e90a19f50ccab9af9cfd961b230475554adfcfa639c7dc4ffa909c030d,0.0,92.51044064230261,LB,108,1,routine_bulk,task_routine_bulk_1,normal,1,0,0.501236365885313
2f7c6acd1a8909c49ba1e65677c92c9601faa80ff47fa88f4024183de24da276,118,1,truck_1,4500.0,225,1.0,equal_objective_evaluation_budget_seed_matched,21600.0,1080,800.0,0,,-1,E5,delivered,47,225,LB-v1-20260822,800.0,224,75.34252544188708,100.0,C-ALNS-MP,9942.057192264663,9942.057192264663,1,15ffe9e90a19f50ccab9af9cfd961b230475554adfcfa639c7dc4ffa909c030d,0.0,75.34252544188708,LB,108,1,routine_bulk,task_routine_bulk_2,normal,1,0,0.5555026708663071
2f7c6acd1a8909c49ba1e65677c92c9601faa80ff47fa88f4024183de24da276,47,1,truck_2,1020.0,51,1.0,equal_objective_evaluation_budget_seed_matched,22800.0,1140,800.0,0,,-1,E5,delivered,0,51,LB-v1-20260822,800.0,46,95.56548672714192,100.0,C-ALNS-MP,4666.121541604554,4666.121541604554,1,15ffe9e90a19f50ccab9af9cfd961b230475554adfcfa639c7dc4ffa909c030d,0.0,95.56548672714192,LB,108,1,routine_bulk,task_routine_bulk_3,normal,1,0,0.3185650985937015
2f7c6acd1a8909c49ba1e65677c92c9601faa80ff47fa88f4024183de24da276,144,1,truck_0,4380.0,219,1.0,equal_objective_evaluation_budget_seed_matched,24000.0,1200,800.0,0,,-1,E5,delivered,71,219,LB-v1-20260822,800.0,214,80.3265920911209,100.0,C-ALNS-MP,6781.35066497251,6781.35066497251,1,15ffe9e90a19f50ccab9af9cfd961b230475554adfcfa639c7dc4ffa909c030d,0.0,80.3265920911209,LB,108,1,routine_bulk,task_routine_bulk_4,normal,1,0,0.34064574335616304
2f7c6acd1a8909c49ba1e65677c92c9601faa80ff47fa88f4024183de24da276,57,1,truck_1,1140.0,57,1.0,equal_objective_evaluation_budget_seed_matched,25200.0,1260,800.0,0,,-1,E5,delivered,0,57,LB-v1-20260822,800.0,56,95.20410833797288,100.0,C-ALNS-MP,4155.704745337662,4155.704745337662,1,15ffe9e90a19f50ccab9af9cfd961b230475554adfcfa639c7dc4ffa909c030d,0.0,95.20410833797288,LB,108,1,routine_bulk,task_routine_bulk_5,normal,1,0,0.25864485362533485
2f7c6acd1a8909c49ba1e65677c92c9601faa80ff47fa88f4024183de24da276,228,0,None,-1.0,-1,0.0,equal_objective_evaluation_budget_seed_matched,26400.0,1320,800.0,1,lifeline_zero,1141,E5,failed,59,-1,LB-v1-20260822,0.0,286,0.0,100.0,C-ALNS-MP,10185.81922082076,10185.81922082076,0,15ffe9e90a19f50ccab9af9cfd961b230475554adfcfa639c7dc4ffa909c030d,800.0,0.0,LB,108,0,routine_bulk,task_routine_bulk_6,normal,1,0,0.343202237017046
2f7c6acd1a8909c49ba1e65677c92c9601faa80ff47fa88f4024183de24da276,56,1,truck_3,2060.0,103,1.0,equal_objective_evaluation_budget_seed_matched,27600.0,1380,800.0,0,,-1,E5,delivered,47,103,LB-v1-20260822,800.0,102,87.76800271747095,100.0,C-ALNS-MP,7723.085120746713,7723.085120746713,1,15ffe9e90a19f50ccab9af9cfd961b230475554adfcfa639c7dc4ffa909c030d,0.0,87.76800271747095,LB,108,1,routine_bulk,task_routine_bulk_7,normal,1,0,0.5744015331175518
2f7c6acd1a8909c49ba1e65677c92c9601faa80ff47fa88f4024183de24da276,55,1,uav_1,5560.0,278,1.0,equal_objective_evaluation_budget_seed_matched,12000.0,600,50.0,0,,-1,E5,delivered,43,278,LB-v1-20260822,50.0,277,3.5925054305068143,100.0,C-ALNS-MP,6586.287052661501,6586.287052661501,1,15ffe9e90a19f50ccab9af9cfd961b230475554adfcfa639c7dc4ffa909c030d,0.0,3.5925054305068143,LB,108,1,time_critical_lightweight,task_time_critical_lightweight_0,emergency,0,1,0.7335914098601112
2f7c6acd1a8909c49ba1e65677c92c9601faa80ff47fa88f4024183de24da276,1,1,uav_0,4080.0,204,1.0,equal_objective_evaluation_budget_seed_matched,12600.0,630,50.0,0,,-1,E5,delivered,203,204,LB-v1-20260822,50.0,203,19.101614699196713,100.0,C-ALNS-MP,7574.794648674728,7574.794648674728,1,15ffe9e90a19f50ccab9af9cfd961b230475554adfcfa639c7dc4ffa909c030d,0.0,19.101614699196713,LB,108,1,time_critical_lightweight,task_time_critical_lightweight_1,emergency,0,1,0.8868543307242109
2f7c6acd1a8909c49ba1e65677c92c9601faa80ff47fa88f4024183de24da276,59,0,None,-1.0,-1,0.0,equal_objective_evaluation_budget_seed_matched,14160.0,708,50.0,1,lifeline_zero,240,E5,failed,0,-1,LB-v1-20260822,0.0,58,0.0,100.0,C-ALNS-MP,11991.929167998902,11991.929167998902,0,15ffe9e90a19f50ccab9af9cfd961b230475554adfcfa639c7dc4ffa909c030d,50.0,0.0,LB,108,0,time_critical_lightweight,task_time_critical_lightweight_2,emergency,0,1,0.8622104462015817
2f7c6acd1a8909c49ba1e65677c92c9601faa80ff47fa88f4024183de24da276,107,0,None,-1.0,-1,0.0,equal_objective_evaluation_budget_seed_matched,13800.0,690,50.0,1,lifeline_zero,239,E5,failed,0,-1,LB-v1-20260822,0.0,178,0.0,100.0,C-ALNS-MP,14817.022911695385,14817.022911695385,0,15ffe9e90a19f50ccab9af9cfd961b230475554adfcfa639c7dc4ffa909c030d,50.0,0.0,LB,108,0,time_critical_lightweight,task_time_critical_lightweight_3,emergency,0,1,0.8776064072695569
2f7c6acd1a8909c49ba1e65677c92c9601faa80ff47fa88f4024183de24da276,156,1,uav_2,3120.0,156,1.0,equal_objective_evaluation_budget_seed_matched,14400.0,720,50.0,0,,-1,E5,delivered,0,156,LB-v1-20260822,50.0,155,35.26793482779624,100.0,C-ALNS-MP,4754.029733786183,4754.029733786183,1,15ffe9e90a19f50ccab9af9cfd961b230475554adfcfa639c7dc4ffa909c030d,0.0,35.26793482779624,LB,108,1,time_critical_lightweight,task_time_critical_lightweight_4,emergency,0,1,0.9812414865193095
2f7c6acd1a8909c49ba1e65677c92c9601faa80ff47fa88f4024183de24da276,250,0,None,-1.0,-1,0.0,equal_objective_evaluation_budget_seed_matched,15960.0,798,50.0,1,lifeline_zero,298,E5,failed,0,-1,LB-v1-20260822,0.0,297,0.0,100.0,C-ALNS-MP,5403.282100579913,5403.282100579913,0,15ffe9e90a19f50ccab9af9cfd961b230475554adfcfa639c7dc4ffa909c030d,50.0,0.0,LB,108,0,time_critical_lightweight,task_time_critical_lightweight_5,emergency,0,1,0.7361653400527843
2f7c6acd1a8909c49ba1e65677c92c9601faa80ff47fa88f4024183de24da276,123,1,uav_1,2460.0,123,1.0,equal_objective_evaluation_budget_seed_matched,15600.0,780,50.0,0,,-1,E5,delivered,0,123,LB-v1-20260822,50.0,122,52.907328941158625,100.0,C-ALNS-MP,3513.9142900961356,3513.9142900961356,1,15ffe9e90a19f50ccab9af9cfd961b230475554adfcfa639c7dc4ffa909c030d,0.0,52.907328941158625,LB,108,1,time_critical_lightweight,task_time_critical_lightweight_6,emergency,0,1,0.8281854223501783
2f7c6acd1a8909c49ba1e65677c92c9601faa80ff47fa88f4024183de24da276,159,1,uav_0,3180.0,159,1.0,equal_objective_evaluation_budget_seed_matched,16200.0,810,50.0,0,,-1,E5,delivered,0,159,LB-v1-20260822,50.0,158,32.09053809608154,100.0,C-ALNS-MP,7067.058621787813,7067.058621787813,1,15ffe9e90a19f50ccab9af9cfd961b230475554adfcfa639c7dc4ffa909c030d,0.0,32.09053809608154,LB,108,1,time_critical_lightweight,task_time_critical_lightweight_7,emergency,0,1,0.9473833365764368
2f7c6acd1a8909c49ba1e65677c92c9601faa80ff47fa88f4024183de24da276,43,0,None,-1.0,-1,0.0,equal_objective_evaluation_budget_seed_matched,17760.0,888,50.0,1,lifeline_zero,282,E5,failed,59,-1,LB-v1-20260822,0.0,281,0.0,100.0,C-ALNS-MP,5522.774919186775,5522.774919186775,0,15ffe9e90a19f50ccab9af9cfd961b230475554adfcfa639c7dc4ffa909c030d,50.0,0.0,LB,108,0,time_critical_lightweight,task_time_critical_lightweight_8,emergency,0,1,0.7862908118294443
2f7c6acd1a8909c49ba1e65677c92c9601faa80ff47fa88f4024183de24da276,117,1,uav_0,3760.0,188,1.0,equal_objective_evaluation_budget_seed_matched,17400.0,870,50.0,0,,-1,E5,delivered,71,188,LB-v1-20260822,50.0,187,28.569199136221037,100.0,C-ALNS-MP,7007.472939544873,7007.472939544873,1,15ffe9e90a19f50ccab9af9cfd961b230475554adfcfa639c7dc4ffa909c030d,0.0,28.569199136221037,LB,108,1,time_critical_lightweight,task_time_critical_lightweight_9,emergency,0,1,0.8110961246662984
2f7c6acd1a8909c49ba1e65677c92c9601faa80ff47fa88f4024183de24da276,0,0,None,-1.0,-1,0.0,equal_objective_evaluation_budget_seed_matched,18000.0,900,50.0,1,lifeline_zero,258,E5,failed,-1,-1,LB-v1-20260822,0.0,-1,0.0,100.0,C-ALNS-MP,6550.917811156877,6550.917811156877,0,15ffe9e90a19f50ccab9af9cfd961b230475554adfcfa639c7dc4ffa909c030d,50.0,0.0,LB,108,0,time_critical_lightweight,task_time_critical_lightweight_10,emergency,0,1,0.9060906911985231
2f7c6acd1a8909c49ba1e65677c92c9601faa80ff47fa88f4024183de24da276,0,1,uav_3,960.0,48,1.0,equal_objective_evaluation_budget_seed_matched,18600.0,930,50.0,0,,-1,E5,delivered,-1,48,LB-v1-20260822,50.0,-1,81.2171835083605,100.0,C-ALNS-MP,4254.156063356919,4254.156063356919,1,15ffe9e90a19f50ccab9af9cfd961b230475554adfcfa639c7dc4ffa909c030d,0.0,81.2171835083605,LB,108,1,time_critical_lightweight,task_time_critical_lightweight_11,emergency,0,1,0.8683274098138106
d1b31cd3c9b23559a98a817b83d57ea105b4a6423969a7ef6cb443e6955c2479,60,0,None,-1.0,-1,0.0,equal_objective_evaluation_budget_seed_matched,19200.0,960,800.0,1,deadline_exceeded,961,E5,failed,107,-1,LB-v1-20260822,0.0,166,25.235682663606955,100.0,C-ALNS-MP,10438.47474817182,10438.47474817182,0,e44746b0f27c00f956c05d9c6a53fe12d7c39f23814499df5aab5046666b32ee,800.0,0.0,LB,109,0,routine_bulk,task_routine_bulk_0,normal,1,0,0.24372892426675105
d1b31cd3c9b23559a98a817b83d57ea105b4a6423969a7ef6cb443e6955c2479,112,1,truck_2,2240.0,112,1.0,equal_objective_evaluation_budget_seed_matched,20400.0,1020,800.0,0,,-1,E5,delivered,0,112,LB-v1-20260822,800.0,111,88.53805226212803,100.0,C-ALNS-MP,7520.043271903724,7520.043271903724,1,e44746b0f27c00f956c05d9c6a53fe12d7c39f23814499df5aab5046666b32ee,0.0,88.53805226212803,LB,109,1,routine_bulk,task_routine_bulk_1,normal,1,0,0.5054521103748251
d1b31cd3c9b23559a98a817b83d57ea105b4a6423969a7ef6cb443e6955c2479,131,1,truck_1,2620.0,131,1.0,equal_objective_evaluation_budget_seed_matched,21600.0,1080,800.0,0,,-1,E5,delivered,0,131,LB-v1-20260822,800.0,130,89.97876121034106,100.0,C-ALNS-MP,5862.2526887266995,5862.2526887266995,1,e44746b0f27c00f956c05d9c6a53fe12d7c39f23814499df5aab5046666b32ee,0.0,89.97876121034106,LB,109,1,routine_bulk,task_routine_bulk_2,normal,1,0,0.22819223062131908
d1b31cd3c9b23559a98a817b83d57ea105b4a6423969a7ef6cb443e6955c2479,72,0,None,-1.0,-1,0.0,equal_objective_evaluation_budget_seed_matched,22800.0,1140,800.0,1,lifeline_zero,902,E5,failed,47,-1,LB-v1-20260822,0.0,130,0.0,100.0,C-ALNS-MP,9233.836204566593,9233.836204566593,0,e44746b0f27c00f956c05d9c6a53fe12d7c39f23814499df5aab5046666b32ee,800.0,0.0,LB,109,0,routine_bulk,task_routine_bulk_3,normal,1,0,0.5591597629199856
d1b31cd3c9b23559a98a817b83d57ea105b4a6423969a7ef6cb443e6955c2479,67,1,truck_1,5400.0,270,1.0,equal_objective_evaluation_budget_seed_matched,24000.0,1200,800.0,0,,-1,E5,delivered,203,270,LB-v1-20260822,800.0,269,72.0498775033559,100.0,C-ALNS-MP,12264.704525287152,12264.704525287152,1,e44746b0f27c00f956c05d9c6a53fe12d7c39f23814499df5aab5046666b32ee,0.0,72.0498775033559,LB,109,1,routine_bulk,task_routine_bulk_4,normal,1,0,0.5182976821364798
d1b31cd3c9b23559a98a817b83d57ea105b4a6423969a7ef6cb443e6955c2479,42,1,truck_0,840.0,42,1.0,equal_objective_evaluation_budget_seed_matched,25200.0,1260,800.0,0,,-1,E5,delivered,0,42,LB-v1-20260822,800.0,41,96.5977396463866,100.0,C-ALNS-MP,3180.3161628672265,3180.3161628672265,1,e44746b0f27c00f956c05d9c6a53fe12d7c39f23814499df5aab5046666b32ee,0.0,96.5977396463866,LB,109,1,routine_bulk,task_routine_bulk_5,normal,1,0,0.27498948731286477
d1b31cd3c9b23559a98a817b83d57ea105b4a6423969a7ef6cb443e6955c2479,885,0,None,-1.0,-1,0.0,equal_objective_evaluation_budget_seed_matched,26400.0,1320,800.0,1,lifeline_zero,1089,E5,failed,0,-1,LB-v1-20260822,0.0,1088,0.0,100.0,C-ALNS-MP,7638.021133490483,7638.021133490483,0,e44746b0f27c00f956c05d9c6a53fe12d7c39f23814499df5aab5046666b32ee,800.0,0.0,LB,109,0,routine_bulk,task_routine_bulk_6,normal,1,0,0.35938088605341784
d1b31cd3c9b23559a98a817b83d57ea105b4a6423969a7ef6cb443e6955c2479,115,1,truck_1,3960.0,198,1.0,equal_objective_evaluation_budget_seed_matched,27600.0,1380,800.0,0,,-1,E5,delivered,47,198,LB-v1-20260822,800.0,197,81.63422089537801,100.0,C-ALNS-MP,8669.41558612628,8669.41558612628,1,e44746b0f27c00f956c05d9c6a53fe12d7c39f23814499df5aab5046666b32ee,0.0,81.63422089537801,LB,109,1,routine_bulk,task_routine_bulk_7,normal,1,0,0.4023390026781324
d1b31cd3c9b23559a98a817b83d57ea105b4a6423969a7ef6cb443e6955c2479,10,1,uav_5,1620.0,81,1.0,equal_objective_evaluation_budget_seed_matched,12000.0,600,50.0,0,,-1,E5,delivered,71,81,LB-v1-20260822,50.0,80,67.32975017576415,100.0,C-ALNS-MP,1577.2702063913625,1577.2702063913625,1,e44746b0f27c00f956c05d9c6a53fe12d7c39f23814499df5aab5046666b32ee,0.0,67.32975017576415,LB,109,1,time_critical_lightweight,task_time_critical_lightweight_0,emergency,0,1,0.9897379983613447
d1b31cd3c9b23559a98a817b83d57ea105b4a6423969a7ef6cb443e6955c2479,124,0,None,-1.0,-1,0.0,equal_objective_evaluation_budget_seed_matched,12600.0,630,50.0,1,lifeline_zero,279,E5,failed,155,-1,LB-v1-20260822,0.0,278,0.0,100.0,C-ALNS-MP,5275.816914731613,5275.816914731613,0,e44746b0f27c00f956c05d9c6a53fe12d7c39f23814499df5aab5046666b32ee,50.0,0.0,LB,109,0,time_critical_lightweight,task_time_critical_lightweight_1,emergency,0,1,0.706236225687008
d1b31cd3c9b23559a98a817b83d57ea105b4a6423969a7ef6cb443e6955c2479,47,1,uav_0,1460.0,73,1.0,equal_objective_evaluation_budget_seed_matched,14160.0,708,50.0,0,,-1,E5,delivered,0,73,LB-v1-20260822,50.0,70,75.22116626233931,100.0,C-ALNS-MP,7167.574303002123,7167.574303002123,1,e44746b0f27c00f956c05d9c6a53fe12d7c39f23814499df5aab5046666b32ee,0.0,75.22116626233931,LB,109,1,time_critical_lightweight,task_time_critical_lightweight_2,emergency,0,1,0.7651739864753156
d1b31cd3c9b23559a98a817b83d57ea105b4a6423969a7ef6cb443e6955c2479,50,1,uav_4,1000.0,50,1.0,equal_objective_evaluation_budget_seed_matched,13800.0,690,50.0,0,,-1,E5,delivered,0,50,LB-v1-20260822,50.0,49,81.3917988276659,100.0,C-ALNS-MP,4619.729192645459,4619.729192645459,1,e44746b0f27c00f956c05d9c6a53fe12d7c39f23814499df5aab5046666b32ee,0.0,81.3917988276659,LB,109,1,time_critical_lightweight,task_time_critical_lightweight_3,emergency,0,1,0.8801124407111246
d1b31cd3c9b23559a98a817b83d57ea105b4a6423969a7ef6cb443e6955c2479,80,1,uav_2,2320.0,116,1.0,equal_objective_evaluation_budget_seed_matched,14400.0,720,50.0,0,,-1,E5,delivered,0,116,LB-v1-20260822,50.0,115,57.57577986835538,100.0,C-ALNS-MP,6105.193827786443,6105.193827786443,1,e44746b0f27c00f956c05d9c6a53fe12d7c39f23814499df5aab5046666b32ee,0.0,57.57577986835538,LB,109,1,time_critical_lightweight,task_time_critical_lightweight_4,emergency,0,1,0.8306203940527022
d1b31cd3c9b23559a98a817b83d57ea105b4a6423969a7ef6cb443e6955c2479,88,1,uav_0,2480.0,124,1.0,equal_objective_evaluation_budget_seed_matched,15000.0,750,50.0,0,,-1,E5,delivered,0,124,LB-v1-20260822,50.0,123,55.84892063486077,100.0,C-ALNS-MP,6540.461456185408,6540.461456185408,1,e44746b0f27c00f956c05d9c6a53fe12d7c39f23814499df5aab5046666b32ee,0.0,55.84892063486077,LB,109,1,time_critical_lightweight,task_time_critical_lightweight_5,emergency,0,1,0.7964834075936699
d1b31cd3c9b23559a98a817b83d57ea105b4a6423969a7ef6cb443e6955c2479,96,1,uav_0,2160.0,108,1.0,equal_objective_evaluation_budget_seed_matched,15600.0,780,50.0,0,,-1,E5,delivered,0,108,LB-v1-20260822,50.0,107,63.241632132249826,100.0,C-ALNS-MP,3351.9343996195735,3351.9343996195735,1,e44746b0f27c00f956c05d9c6a53fe12d7c39f23814499df5aab5046666b32ee,0.0,63.241632132249826,LB,109,1,time_critical_lightweight,task_time_critical_lightweight_6,emergency,0,1,0.7422776363571023
d1b31cd3c9b23559a98a817b83d57ea105b4a6423969a7ef6cb443e6955c2479,95,0,None,-1.0,-1,0.0,equal_objective_evaluation_budget_seed_matched,17160.0,858,50.0,1,lifeline_zero,265,E5,failed,0,-1,LB-v1-20260822,0.0,154,0.0,100.0,C-ALNS-MP,13138.274295739013,13138.274295739013,0,e44746b0f27c00f956c05d9c6a53fe12d7c39f23814499df5aab5046666b32ee,50.0,0.0,LB,109,0,time_critical_lightweight,task_time_critical_lightweight_7,emergency,0,1,0.9318751313700842
d1b31cd3c9b23559a98a817b83d57ea105b4a6423969a7ef6cb443e6955c2479,46,1,uav_4,1680.0,84,1.0,equal_objective_evaluation_budget_seed_matched,16800.0,840,50.0,0,,-1,E5,delivered,35,84,LB-v1-20260822,50.0,83,68.16363870955111,100.0,C-ALNS-MP,11519.668044062157,11519.668044062157,1,e44746b0f27c00f956c05d9c6a53fe12d7c39f23814499df5aab5046666b32ee,0.0,68.16363870955111,LB,109,1,time_critical_lightweight,task_time_critical_lightweight_8,emergency,0,1,0.923149714829651
d1b31cd3c9b23559a98a817b83d57ea105b4a6423969a7ef6cb443e6955c2479,72,1,uav_1,2460.0,123,1.0,equal_objective_evaluation_budget_seed_matched,18360.0,918,50.0,0,,-1,E5,delivered,47,123,LB-v1-20260822,50.0,118,53.508732724928,100.0,C-ALNS-MP,11888.945353220079,11888.945353220079,1,e44746b0f27c00f956c05d9c6a53fe12d7c39f23814499df5aab5046666b32ee,0.0,53.508732724928,LB,109,1,time_critical_lightweight,task_time_critical_lightweight_9,emergency,0,1,0.9021797238988898
d1b31cd3c9b23559a98a817b83d57ea105b4a6423969a7ef6cb443e6955c2479,0,1,uav_1,1700.0,85,1.0,equal_objective_evaluation_budget_seed_matched,18000.0,900,50.0,0,,-1,E5,delivered,-1,85,LB-v1-20260822,50.0,-1,70.33857504616749,100.0,C-ALNS-MP,7732.639919099127,7732.639919099127,1,e44746b0f27c00f956c05d9c6a53fe12d7c39f23814499df5aab5046666b32ee,0.0,70.33857504616749,LB,109,1,time_critical_lightweight,task_time_critical_lightweight_10,emergency,0,1,0.7471077952711116
d1b31cd3c9b23559a98a817b83d57ea105b4a6423969a7ef6cb443e6955c2479,0,1,uav_4,700.0,35,1.0,equal_objective_evaluation_budget_seed_matched,18600.0,930,50.0,0,,-1,E5,delivered,-1,35,LB-v1-20260822,50.0,-1,85.94251765303937,100.0,C-ALNS-MP,3412.6611524252316,3412.6611524252316,1,e44746b0f27c00f956c05d9c6a53fe12d7c39f23814499df5aab5046666b32ee,0.0,85.94251765303937,LB,109,1,time_critical_lightweight,task_time_critical_lightweight_11,emergency,0,1,0.9989661728188876
8c2a06f5a770dbf1354b89af935e2648b34d725b2fdb456b5c543ab981a99f84,143,0,None,-1.0,-1,0.0,equal_objective_evaluation_budget_seed_matched,19200.0,960,800.0,1,deadline_exceeded,961,E5,failed,0,-1,LB-v1-20260822,0.0,213,11.11850352989833,100.0,C-ALNS-MP,6119.550842362341,6119.550842362341,0,128d0fb172989ac20569c26a149739c8cdd604ff6c956cf6b294d712563d036c,800.0,0.0,LB,102,0,routine_bulk,task_routine_bulk_0,normal,1,0,0.4291837918236352
8c2a06f5a770dbf1354b89af935e2648b34d725b2fdb456b5c543ab981a99f84,83,1,truck_0,3180.0,159,1.0,equal_objective_evaluation_budget_seed_matched,20400.0,1020,800.0,0,,-1,E5,delivered,72,159,LB-v1-20260822,800.0,154,86.51262414799106,100.0,C-ALNS-MP,7442.506245460831,7442.506245460831,1,128d0fb172989ac20569c26a149739c8cdd604ff6c956cf6b294d712563d036c,0.0,86.51262414799106,LB,102,1,routine_bulk,task_routine_bulk_1,normal,1,0,0.24547112032784654
8c2a06f5a770dbf1354b89af935e2648b34d725b2fdb456b5c543ab981a99f84,202,0,None,-1.0,-1,0.0,equal_objective_evaluation_budget_seed_matched,21600.0,1080,800.0,1,deadline_exceeded,1081,E5,failed,0,-1,LB-v1-20260822,0.0,201,2.8465075966141518,100.0,C-ALNS-MP,5688.3871828179535,5688.3871828179535,0,128d0fb172989ac20569c26a149739c8cdd604ff6c956cf6b294d712563d036c,800.0,0.0,LB,102,0,routine_bulk,task_routine_bulk_2,normal,1,0,0.3976042905163367
8c2a06f5a770dbf1354b89af935e2648b34d725b2fdb456b5c543ab981a99f84,96,0,None,-1.0,-1,0.0,equal_objective_evaluation_budget_seed_matched,22800.0,1140,800.0,1,lifeline_zero,936,E5,failed,0,-1,LB-v1-20260822,0.0,213,0.0,100.0,C-ALNS-MP,5530.50432997441,5530.50432997441,0,128d0fb172989ac20569c26a149739c8cdd604ff6c956cf6b294d712563d036c,800.0,0.0,LB,102,0,routine_bulk,task_routine_bulk_3,normal,1,0,0.5908338171405074
8c2a06f5a770dbf1354b89af935e2648b34d725b2fdb456b5c543ab981a99f84,118,0,None,-1.0,-1,0.0,equal_objective_evaluation_budget_seed_matched,24000.0,1200,800.0,1,lifeline_zero,1198,E5,failed,84,-1,LB-v1-20260822,0.0,201,0.0,100.0,C-ALNS-MP,14165.534902512349,14165.534902512349,0,128d0fb172989ac20569c26a149739c8cdd604ff6c956cf6b294d712563d036c,800.0,0.0,LB,102,0,routine_bulk,task_routine_bulk_4,normal,1,0,0.31826058549111486
8c2a06f5a770dbf1354b89af935e2648b34d725b2fdb456b5c543ab981a99f84,94,1,truck_0,3580.0,179,1.0,equal_objective_evaluation_budget_seed_matched,25200.0,1260,800.0,0,,-1,E5,delivered,84,179,LB-v1-20260822,800.0,177,83.88453402840197,100.0,C-ALNS-MP,8329.032619537471,8329.032619537471,1,128d0fb172989ac20569c26a149739c8cdd604ff6c956cf6b294d712563d036c,0.0,83.88453402840197,LB,102,1,routine_bulk,task_routine_bulk_5,normal,1,0,0.316760490021223
8c2a06f5a770dbf1354b89af935e2648b34d725b2fdb456b5c543ab981a99f84,44,1,truck_0,880.0,44,1.0,equal_objective_evaluation_budget_seed_matched,26400.0,1320,800.0,0,,-1,E5,delivered,0,44,LB-v1-20260822,800.0,43,95.46808063072315,100.0,C-ALNS-MP,2207.167531132571,2207.167531132571,1,128d0fb172989ac20569c26a149739c8cdd604ff6c956cf6b294d712563d036c,0.0,95.46808063072315,LB,102,1,routine_bulk,task_routine_bulk_6,normal,1,0,0.3055363954601743
8c2a06f5a770dbf1354b89af935e2648b34d725b2fdb456b5c543ab981a99f84,48,0,None,-1.0,-1,0.0,equal_objective_evaluation_budget_seed_matched,27600.0,1380,800.0,1,lifeline_zero,1066,E5,failed,48,-1,LB-v1-20260822,0.0,213,0.0,100.0,C-ALNS-MP,8538.945436848508,8538.945436848508,0,128d0fb172989ac20569c26a149739c8cdd604ff6c956cf6b294d712563d036c,800.0,0.0,LB,102,0,routine_bulk,task_routine_bulk_7,normal,1,0,0.44156154877026366
8c2a06f5a770dbf1354b89af935e2648b34d725b2fdb456b5c543ab981a99f84,11,1,uav_3,3320.0,166,1.0,equal_objective_evaluation_budget_seed_matched,12000.0,600,50.0,0,,-1,E5,delivered,155,166,LB-v1-20260822,50.0,165,41.526673227266414,100.0,C-ALNS-MP,2988.5323177974346,2988.5323177974346,1,128d0fb172989ac20569c26a149739c8cdd604ff6c956cf6b294d712563d036c,0.0,41.526673227266414,LB,102,1,time_critical_lightweight,task_time_critical_lightweight_0,emergency,0,1,0.7521593742751356
8c2a06f5a770dbf1354b89af935e2648b34d725b2fdb456b5c543ab981a99f84,24,0,None,-1.0,-1,0.0,equal_objective_evaluation_budget_seed_matched,13560.0,678,50.0,1,lifeline_zero,306,E5,failed,190,-1,LB-v1-20260822,0.0,213,0.0,100.0,C-ALNS-MP,11294.290080097262,11294.290080097262,0,128d0fb172989ac20569c26a149739c8cdd604ff6c956cf6b294d712563d036c,50.0,0.0,LB,102,0,time_critical_lightweight,task_time_critical_lightweight_1,emergency,0,1,0.7491376000307091
8c2a06f5a770dbf1354b89af935e2648b34d725b2fdb456b5c543ab981a99f84,176,1,uav_0,3520.0,176,1.0,equal_objective_evaluation_budget_seed_matched,13200.0,660,50.0,0,,-1,E5,delivered,0,176,LB-v1-20260822,50.0,175,35.955423730344364,100.0,C-ALNS-MP,2792.418565959796,2792.418565959796,1,128d0fb172989ac20569c26a149739c8cdd604ff6c956cf6b294d712563d036c,0.0,35.955423730344364,LB,102,1,time_critical_lightweight,task_time_critical_lightweight_2,emergency,0,1,0.8083948419266088
8c2a06f5a770dbf1354b89af935e2648b34d725b2fdb456b5c543ab981a99f84,65,1,uav_2,1300.0,65,1.0,equal_objective_evaluation_budget_seed_matched,13800.0,690,50.0,0,,-1,E5,delivered,0,65,LB-v1-20260822,50.0,64,72.83002728532924,100.0,C-ALNS-MP,3010.973647764428,3010.973647764428,1,128d0fb172989ac20569c26a149739c8cdd604ff6c956cf6b294d712563d036c,0.0,72.83002728532924,LB,102,1,time_critical_lightweight,task_time_critical_lightweight_3,emergency,0,1,0.9739813351739603
8c2a06f5a770dbf1354b89af935e2648b34d725b2fdb456b5c543ab981a99f84,152,1,uav_1,3040.0,152,1.0,equal_objective_evaluation_budget_seed_matched,14400.0,720,50.0,0,,-1,E5,delivered,0,152,LB-v1-20260822,50.0,151,39.92754417028911,100.0,C-ALNS-MP,7595.6360268286,7595.6360268286,1,128d0fb172989ac20569c26a149739c8cdd604ff6c956cf6b294d712563d036c,0.0,39.92754417028911,LB,102,1,time_critical_lightweight,task_time_critical_lightweight_4,emergency,0,1,0.8902529497747588
8c2a06f5a770dbf1354b89af935e2648b34d725b2fdb456b5c543ab981a99f84,86,1,uav_2,1720.0,86,1.0,equal_objective_evaluation_budget_seed_matched,15000.0,750,50.0,0,,-1,E5,delivered,0,86,LB-v1-20260822,50.0,85,68.62123708306974,100.0,C-ALNS-MP,4623.366276010681,4623.366276010681,1,128d0fb172989ac20569c26a149739c8cdd604ff6c956cf6b294d712563d036c,0.0,68.62123708306974,LB,102,1,time_critical_lightweight,task_time_critical_lightweight_5,emergency,0,1,0.7848123351493127
8c2a06f5a770dbf1354b89af935e2648b34d725b2fdb456b5c543ab981a99f84,96,0,None,-1.0,-1,0.0,equal_objective_evaluation_budget_seed_matched,16560.0,828,50.0,1,lifeline_zero,258,E5,failed,0,-1,LB-v1-20260822,0.0,95,0.0,100.0,C-ALNS-MP,16324.170659246023,16324.170659246023,0,128d0fb172989ac20569c26a149739c8cdd604ff6c956cf6b294d712563d036c,50.0,0.0,LB,102,0,time_critical_lightweight,task_time_critical_lightweight_6,emergency,0,1,0.9948248799678303
8c2a06f5a770dbf1354b89af935e2648b34d725b2fdb456b5c543ab981a99f84,132,0,None,-1.0,-1,0.0,equal_objective_evaluation_budget_seed_matched,17160.0,858,50.0,1,lifeline_zero,288,E5,failed,0,-1,LB-v1-20260822,0.0,213,0.0,100.0,C-ALNS-MP,15873.692094774171,15873.692094774171,0,128d0fb172989ac20569c26a149739c8cdd604ff6c956cf6b294d712563d036c,50.0,0.0,LB,102,0,time_critical_lightweight,task_time_critical_lightweight_7,emergency,0,1,0.8273965865006737
8c2a06f5a770dbf1354b89af935e2648b34d725b2fdb456b5c543ab981a99f84,32,1,uav_2,2080.0,104,1.0,equal_objective_evaluation_budget_seed_matched,16800.0,840,50.0,0,,-1,E5,delivered,72,104,LB-v1-20260822,50.0,103,61.37307640394101,100.0,C-ALNS-MP,4562.626701547581,4562.626701547581,1,128d0fb172989ac20569c26a149739c8cdd604ff6c956cf6b294d712563d036c,0.0,61.37307640394101,LB,102,1,time_critical_lightweight,task_time_critical_lightweight_8,emergency,0,1,0.800241625655852
8c2a06f5a770dbf1354b89af935e2648b34d725b2fdb456b5c543ab981a99f84,130,0,None,-1.0,-1,0.0,equal_objective_evaluation_budget_seed_matched,17400.0,870,50.0,1,lifeline_zero,290,E5,failed,84,-1,LB-v1-20260822,0.0,213,0.0,100.0,C-ALNS-MP,9178.535368617246,9178.535368617246,0,128d0fb172989ac20569c26a149739c8cdd604ff6c956cf6b294d712563d036c,50.0,0.0,LB,102,0,time_critical_lightweight,task_time_critical_lightweight_9,emergency,0,1,0.8133445160620112
8c2a06f5a770dbf1354b89af935e2648b34d725b2fdb456b5c543ab981a99f84,0,0,None,-1.0,-1,0.0,equal_objective_evaluation_budget_seed_matched,18000.0,900,50.0,1,lifeline_zero,304,E5,failed,-1,-1,LB-v1-20260822,0.0,-1,0.0,100.0,C-ALNS-MP,5471.014458554654,5471.014458554654,0,128d0fb172989ac20569c26a149739c8cdd604ff6c956cf6b294d712563d036c,50.0,0.0,LB,102,0,time_critical_lightweight,task_time_critical_lightweight_10,emergency,0,1,0.7234608659077144
8c2a06f5a770dbf1354b89af935e2648b34d725b2fdb456b5c543ab981a99f84,0,0,None,-1.0,-1,0.0,equal_objective_evaluation_budget_seed_matched,18600.0,930,50.0,1,lifeline_zero,272,E5,failed,-1,-1,LB-v1-20260822,0.0,-1,0.0,100.0,C-ALNS-MP,10498.587816679308,10498.587816679308,0,128d0fb172989ac20569c26a149739c8cdd604ff6c956cf6b294d712563d036c,50.0,0.0,LB,102,0,time_critical_lightweight,task_time_critical_lightweight_11,emergency,0,1,0.8885468420710438
